doc_id,category,text
DOC-0345,Compliance Document,"Data handling procedures comply with the Federal Information Security Modernization Act, as required by the contract. Section 508 compliance testing confirms the system meets accessibility requirements, as required by the contract. This Authority to Operate is granted based on an acceptable level of residual risk per the approved project plan. The contractor must submit annual compliance certifications including ethics and conflict of interest, as required by the contract. The Supply Chain Risk Management Plan addresses third-party hardware and software risks in accordance with applicable regulations."
DOC-0079,SOW,"The contractor shall not disclose any sensitive information obtained during performance, as required by the contract. The contractor is responsible for delivering the following tasks and deliverables. All deliverables shall be submitted in accordance with the Contract Deliverable Requirements List."
DOC-0060,RFP,"Proposals shall address all requirements outlined in the Performance Work Statement per the approved project plan. All proposals must be submitted electronically via the SAM.gov portal. The proposal evaluation criteria include technical approach, management, and price, as required by the contract."
DOC-0006,RFP,"The contracting officer anticipates award of a firm-fixed-price contract for, including all associated documentation. The Government intends to award a single Indefinite Delivery Indefinite Quantity contract, as required by the contract. The proposal evaluation criteria include technical approach, management, and price per the approved project plan."
DOC-0066,SOW,The Period of Performance for this task order is from date of award through per the approved project plan. The contractor shall provide subject matter expertise in the following domains per the approved project plan. The contractor shall support data collection analysis and reporting activities in accordance with applicable regulations.
DOC-0266,Deliverable Report,"This Data Management Plan describes how data will be collected stored and protected, as required by the contract. This Risk Register identifies mitigation strategies for the top program risks, as required by the contract. The Technical Design Document provides detailed specifications for the proposed system."
DOC-0364,Compliance Document,"The Privacy Impact Assessment evaluates risks to personally identifiable information, including all associated documentation. This FedRAMP authorization package demonstrates compliance with NIST SP 800-53 controls in accordance with applicable regulations. The Continuity of Operations Plan ensures mission-critical functions during disruptions in accordance with applicable regulations. Section 508 compliance testing confirms the system meets accessibility requirements."
DOC-0220,Invoice,"The contractor hereby submits this invoice for payment of labor hours incurred. Subcontractor costs as authorized under the contract are included on this invoice, as required by the contract. Payment is requested within 30 days of receipt per the prompt payment terms in accordance with applicable regulations. This invoice covers the period of performance from the first through the last day in accordance with applicable regulations."
DOC-0327,Compliance Document,"The contractor must submit annual compliance certifications including ethics and conflict of interest, as required by the contract. This Cybersecurity Maturity Model Certification assessment covers all required practices, including all associated documentation. The Continuity of Operations Plan ensures mission-critical functions during disruptions in accordance with applicable regulations."
DOC-0283,Deliverable Report,This Weekly Activity Report summarizes tasks completed issues encountered and planned work per the approved project plan. The Technical Design Document provides detailed specifications for the proposed system. The Final Report presents conclusions and recommendations based on the analysis conducted.
DOC-0157,Contract Modification,"This modification is issued to incorporate the following changes to the contract, including all associated documentation. This change order modifies the statement of work to include additional tasks, including all associated documentation. The delivery schedule is modified to reflect the revised completion date. This bilateral modification is agreed to by both parties and incorporated herein per the approved project plan."
DOC-0170,Contract Modification,"The delivery schedule is modified to reflect the revised completion date, including all associated documentation. All other terms and conditions of the contract remain unchanged and in full force. This change order modifies the statement of work to include additional tasks per the approved project plan."
DOC-0271,Deliverable Report,The Technical Design Document provides detailed specifications for the proposed system in accordance with applicable regulations. This Quality Assurance Surveillance Plan establishes the surveillance methodology in accordance with applicable regulations. The Configuration Management Plan governs version control and change control procedures. This Monthly Status Report covers activities completed during the reporting period in accordance with applicable regulations. This After-Action Report documents findings and lessons learned from the exercise in accordance with applicable regulations.
DOC-0001,RFP,"Offerors shall provide a detailed staffing plan and key personnel resumes, as required by the contract. The Government intends to award a single Indefinite Delivery Indefinite Quantity contract, as required by the contract. Section L of this solicitation provides instructions for proposal preparation per the approved project plan."
DOC-0279,Deliverable Report,"This Data Management Plan describes how data will be collected stored and protected, as required by the contract. The Transition Plan outlines steps for knowledge transfer to the incoming contractor, including all associated documentation. The Technical Design Document provides detailed specifications for the proposed system. This Quality Assurance Surveillance Plan establishes the surveillance methodology."
DOC-0083,SOW,The contractor shall maintain an integrated master schedule and report status weekly in accordance with applicable regulations. The contractor shall provide technical writing and documentation support per the approved project plan. All deliverables shall be submitted in accordance with the Contract Deliverable Requirements List per the approved project plan.
DOC-0199,Invoice,"Invoices must be submitted via the Wide Area Workflow electronic invoicing system. The contractor hereby submits this invoice for payment of labor hours incurred, as required by the contract. Subcontractor costs as authorized under the contract are included on this invoice per the approved project plan. Direct labor costs billed at the negotiated fixed hourly rates per the contract, as required by the contract. Travel expenses incurred in direct support of contract performance are included per the approved project plan."
DOC-0293,Deliverable Report,"This After-Action Report documents findings and lessons learned from the exercise, as required by the contract. This Weekly Activity Report summarizes tasks completed issues encountered and planned work. The Configuration Management Plan governs version control and change control procedures, as required by the contract. This Quality Assurance Surveillance Plan establishes the surveillance methodology in accordance with applicable regulations. The Technical Design Document provides detailed specifications for the proposed system, as required by the contract."
DOC-0257,Deliverable Report,"The Transition Plan outlines steps for knowledge transfer to the incoming contractor. The Technical Design Document provides detailed specifications for the proposed system per the approved project plan. The Corrective Action Plan addresses deficiencies identified during the performance review in accordance with applicable regulations. The Configuration Management Plan governs version control and change control procedures, as required by the contract. This Risk Register identifies mitigation strategies for the top program risks, including all associated documentation."
DOC-0118,SOW,"The Period of Performance for this task order is from date of award through. The contractor shall not disclose any sensitive information obtained during performance, including all associated documentation. The contractor shall maintain an integrated master schedule and report status weekly, as required by the contract. Task 1: Program Planning and Coordination — the contractor shall develop."
DOC-0196,Invoice,"Subcontractor costs as authorized under the contract are included on this invoice in accordance with applicable regulations. Indirect costs including overhead and general and administrative expenses are billed. Backup documentation including timesheets and receipts is attached to this invoice, as required by the contract."
DOC-0112,SOW,"The contractor shall not disclose any sensitive information obtained during performance, including all associated documentation. The Period of Performance for this task order is from date of award through, as required by the contract. The contractor shall support data collection analysis and reporting activities, including all associated documentation. The contractor shall provide subject matter expertise in the following domains in accordance with applicable regulations."
DOC-0225,Invoice,"Invoices must be submitted via the Wide Area Workflow electronic invoicing system in accordance with applicable regulations. This invoice covers the period of performance from the first through the last day, including all associated documentation. Subcontractor costs as authorized under the contract are included on this invoice, including all associated documentation."
DOC-0350,Compliance Document,"The Privacy Impact Assessment evaluates risks to personally identifiable information, including all associated documentation. This Cybersecurity Maturity Model Certification assessment covers all required practices, as required by the contract. The contractor must submit annual compliance certifications including ethics and conflict of interest, as required by the contract."
DOC-0324,Compliance Document,The contractor certifies compliance with the Buy American Act and Trade Agreements Act per the approved project plan. The contractor must submit annual compliance certifications including ethics and conflict of interest per the approved project plan. This Authority to Operate is granted based on an acceptable level of residual risk per the approved project plan. The Continuity of Operations Plan ensures mission-critical functions during disruptions per the approved project plan. Data handling procedures comply with the Federal Information Security Modernization Act in accordance with applicable regulations.
DOC-0241,Invoice,"Payment is requested within 30 days of receipt per the prompt payment terms, including all associated documentation. Travel expenses incurred in direct support of contract performance are included in accordance with applicable regulations. This is a cost-plus-fixed-fee invoice submitted for reimbursement of allowable costs."
DOC-0365,Compliance Document,"The Continuity of Operations Plan ensures mission-critical functions during disruptions, including all associated documentation. The contractor certifies compliance with the Buy American Act and Trade Agreements Act, including all associated documentation. The Supply Chain Risk Management Plan addresses third-party hardware and software risks per the approved project plan. The Privacy Impact Assessment evaluates risks to personally identifiable information, including all associated documentation."
DOC-0287,Deliverable Report,"The Transition Plan outlines steps for knowledge transfer to the incoming contractor, including all associated documentation. This Quality Assurance Surveillance Plan establishes the surveillance methodology, as required by the contract. The Final Report presents conclusions and recommendations based on the analysis conducted. The Technical Design Document provides detailed specifications for the proposed system, including all associated documentation. This Data Management Plan describes how data will be collected stored and protected in accordance with applicable regulations."
DOC-0343,Compliance Document,"The contractor must submit annual compliance certifications including ethics and conflict of interest. This Authority to Operate is granted based on an acceptable level of residual risk, including all associated documentation. Data handling procedures comply with the Federal Information Security Modernization Act, as required by the contract. This System Security Plan describes the security controls implemented for the information system per the approved project plan. The Continuity of Operations Plan ensures mission-critical functions during disruptions per the approved project plan."
DOC-0298,Deliverable Report,"This Quality Assurance Surveillance Plan establishes the surveillance methodology, as required by the contract. This Data Management Plan describes how data will be collected stored and protected. The Program Management Review slide deck summarizes progress against the integrated master schedule per the approved project plan. The Final Report presents conclusions and recommendations based on the analysis conducted in accordance with applicable regulations. The Technical Design Document provides detailed specifications for the proposed system, as required by the contract."
DOC-0299,Deliverable Report,"This Risk Register identifies mitigation strategies for the top program risks. This Quality Assurance Surveillance Plan establishes the surveillance methodology in accordance with applicable regulations. The Configuration Management Plan governs version control and change control procedures, as required by the contract."
DOC-0070,SOW,"Work shall be performed on-site at the Government facility located in. The contractor is responsible for delivering the following tasks and deliverables, including all associated documentation. The contractor shall not disclose any sensitive information obtained during performance in accordance with applicable regulations. The contractor shall provide technical writing and documentation support. The contractor shall provide subject matter expertise in the following domains in accordance with applicable regulations."
DOC-0228,Invoice,"Subcontractor costs as authorized under the contract are included on this invoice. This invoice covers the period of performance from the first through the last day in accordance with applicable regulations. The invoice total reflects labor materials and other direct costs for the billing period, including all associated documentation. Payment is requested within 30 days of receipt per the prompt payment terms, including all associated documentation."
DOC-0201,Invoice,"Invoices must be submitted via the Wide Area Workflow electronic invoicing system, including all associated documentation. Payment is requested within 30 days of receipt per the prompt payment terms, including all associated documentation. Direct labor costs billed at the negotiated fixed hourly rates per the contract, as required by the contract. Indirect costs including overhead and general and administrative expenses are billed per the approved project plan. Invoice Number INV-2024-0451 for professional services rendered during the period per the approved project plan."
DOC-0256,Deliverable Report,"The Transition Plan outlines steps for knowledge transfer to the incoming contractor, as required by the contract. This After-Action Report documents findings and lessons learned from the exercise, including all associated documentation. The Technical Design Document provides detailed specifications for the proposed system in accordance with applicable regulations."
DOC-0281,Deliverable Report,"The Transition Plan outlines steps for knowledge transfer to the incoming contractor in accordance with applicable regulations. The Program Management Review slide deck summarizes progress against the integrated master schedule, including all associated documentation. The Corrective Action Plan addresses deficiencies identified during the performance review."
DOC-0178,Contract Modification,"All other terms and conditions of the contract remain unchanged and in full force, including all associated documentation. The total obligated amount is hereby increased from the original contract value per the approved project plan. The contractor acknowledges receipt of this modification and agrees to the changes, including all associated documentation. This bilateral modification is agreed to by both parties and incorporated herein per the approved project plan."
DOC-0122,SOW,The contractor shall provide program management support services including in accordance with applicable regulations. The Period of Performance for this task order is from date of award through. The contractor shall maintain an integrated master schedule and report status weekly.
DOC-0141,Contract Modification,"The purpose of this modification is to extend the period of performance by, including all associated documentation. The contract is hereby modified to add the following contract line items in accordance with applicable regulations. The delivery schedule is modified to reflect the revised completion date. This change order modifies the statement of work to include additional tasks in accordance with applicable regulations. All other terms and conditions of the contract remain unchanged and in full force, including all associated documentation."
DOC-0161,Contract Modification,"All other terms and conditions of the contract remain unchanged and in full force, as required by the contract. This unilateral modification is issued pursuant to FAR clause 52.243-1 in accordance with applicable regulations. The delivery schedule is modified to reflect the revised completion date, including all associated documentation."
DOC-0361,Compliance Document,"The Continuity of Operations Plan ensures mission-critical functions during disruptions in accordance with applicable regulations. The Supply Chain Risk Management Plan addresses third-party hardware and software risks, as required by the contract. This System Security Plan describes the security controls implemented for the information system in accordance with applicable regulations. This FedRAMP authorization package demonstrates compliance with NIST SP 800-53 controls. Data handling procedures comply with the Federal Information Security Modernization Act, including all associated documentation."
DOC-0014,RFP,"All proposals must be submitted electronically via the SAM.gov portal per the approved project plan. The base period of performance is 12 months with four option years, including all associated documentation. Offerors shall provide a detailed staffing plan and key personnel resumes."
DOC-0204,Invoice,"Invoice Number INV-2024-0451 for professional services rendered during the period in accordance with applicable regulations. This is a cost-plus-fixed-fee invoice submitted for reimbursement of allowable costs in accordance with applicable regulations. The contractor hereby submits this invoice for payment of labor hours incurred in accordance with applicable regulations. The invoice total reflects labor materials and other direct costs for the billing period, as required by the contract."
DOC-0203,Invoice,"Subcontractor costs as authorized under the contract are included on this invoice, as required by the contract. Indirect costs including overhead and general and administrative expenses are billed in accordance with applicable regulations. Payment is requested within 30 days of receipt per the prompt payment terms in accordance with applicable regulations. Direct labor costs billed at the negotiated fixed hourly rates per the contract, as required by the contract."
DOC-0300,Deliverable Report,"This Quality Assurance Surveillance Plan establishes the surveillance methodology in accordance with applicable regulations. The Technical Design Document provides detailed specifications for the proposed system, including all associated documentation. The Transition Plan outlines steps for knowledge transfer to the incoming contractor, as required by the contract. This Monthly Status Report covers activities completed during the reporting period."
DOC-0036,RFP,"Section L of this solicitation provides instructions for proposal preparation. Proposals shall address all requirements outlined in the Performance Work Statement in accordance with applicable regulations. The Government intends to award a single Indefinite Delivery Indefinite Quantity contract, as required by the contract. Offerors are invited to submit technical and price proposals for in accordance with applicable regulations."
DOC-0183,Contract Modification,"This change order modifies the statement of work to include additional tasks in accordance with applicable regulations. All other terms and conditions of the contract remain unchanged and in full force. Modification P00001 adds the following scope to the existing task order per the approved project plan. This unilateral modification is issued pursuant to FAR clause 52.243-1, including all associated documentation."
DOC-0188,Contract Modification,"The purpose of this modification is to extend the period of performance by, as required by the contract. The total obligated amount is hereby increased from the original contract value. The contract is hereby modified to add the following contract line items."
DOC-0020,RFP,"The base period of performance is 12 months with four option years, including all associated documentation. Offerors must demonstrate technical capability and relevant past performance. All proposals must be submitted electronically via the SAM.gov portal in accordance with applicable regulations. Offerors shall provide a detailed staffing plan and key personnel resumes per the approved project plan."
DOC-0227,Invoice,"This invoice covers the period of performance from the first through the last day, including all associated documentation. Direct labor costs billed at the negotiated fixed hourly rates per the contract, as required by the contract. Invoice Number INV-2024-0451 for professional services rendered during the period in accordance with applicable regulations. This is a cost-plus-fixed-fee invoice submitted for reimbursement of allowable costs in accordance with applicable regulations. Payment is requested within 30 days of receipt per the prompt payment terms, including all associated documentation."
DOC-0307,Deliverable Report,"The Transition Plan outlines steps for knowledge transfer to the incoming contractor per the approved project plan. This Data Management Plan describes how data will be collected stored and protected, including all associated documentation. This After-Action Report documents findings and lessons learned from the exercise, as required by the contract. The Program Management Review slide deck summarizes progress against the integrated master schedule in accordance with applicable regulations."
DOC-0058,RFP,Offerors shall provide a detailed staffing plan and key personnel resumes. The Government is soliciting proposals for professional services in support of in accordance with applicable regulations. The base period of performance is 12 months with four option years in accordance with applicable regulations.
DOC-0057,RFP,"Offerors shall provide a detailed staffing plan and key personnel resumes, as required by the contract. The contracting officer anticipates award of a firm-fixed-price contract for in accordance with applicable regulations. The proposal evaluation criteria include technical approach, management, and price."
DOC-0209,Invoice,This invoice covers the period of performance from the first through the last day in accordance with applicable regulations. Invoices must be submitted via the Wide Area Workflow electronic invoicing system in accordance with applicable regulations. Direct labor costs billed at the negotiated fixed hourly rates per the contract in accordance with applicable regulations. Payment is requested within 30 days of receipt per the prompt payment terms per the approved project plan.
DOC-0041,RFP,The contracting officer anticipates award of a firm-fixed-price contract for in accordance with applicable regulations. Section L of this solicitation provides instructions for proposal preparation per the approved project plan. Proposals shall address all requirements outlined in the Performance Work Statement per the approved project plan. The Government intends to award a single Indefinite Delivery Indefinite Quantity contract in accordance with applicable regulations.
DOC-0360,Compliance Document,The Privacy Impact Assessment evaluates risks to personally identifiable information per the approved project plan. The contractor must submit annual compliance certifications including ethics and conflict of interest in accordance with applicable regulations. Section 508 compliance testing confirms the system meets accessibility requirements. The Supply Chain Risk Management Plan addresses third-party hardware and software risks in accordance with applicable regulations.
DOC-0357,Compliance Document,This Cybersecurity Maturity Model Certification assessment covers all required practices per the approved project plan. The Continuity of Operations Plan ensures mission-critical functions during disruptions. Data handling procedures comply with the Federal Information Security Modernization Act. The Privacy Impact Assessment evaluates risks to personally identifiable information. This FedRAMP authorization package demonstrates compliance with NIST SP 800-53 controls per the approved project plan.
DOC-0096,SOW,"The contractor shall provide technical writing and documentation support, including all associated documentation. The contractor is responsible for delivering the following tasks and deliverables. The contractor shall not disclose any sensitive information obtained during performance per the approved project plan. Work shall be performed on-site at the Government facility located in per the approved project plan."
DOC-0207,Invoice,"Indirect costs including overhead and general and administrative expenses are billed. The contractor hereby submits this invoice for payment of labor hours incurred, as required by the contract. Travel expenses incurred in direct support of contract performance are included per the approved project plan. The invoice total reflects labor materials and other direct costs for the billing period in accordance with applicable regulations. Payment is requested within 30 days of receipt per the prompt payment terms, including all associated documentation."
DOC-0154,Contract Modification,The total obligated amount is hereby increased from the original contract value per the approved project plan. The delivery schedule is modified to reflect the revised completion date. Modification P00003 deobligates funds and reduces the total contract ceiling.
DOC-0132,Contract Modification,"Modification P00001 adds the following scope to the existing task order in accordance with applicable regulations. This unilateral modification is issued pursuant to FAR clause 52.243-1, including all associated documentation. The purpose of this modification is to extend the period of performance by per the approved project plan. This modification is issued to incorporate the following changes to the contract per the approved project plan. This change order modifies the statement of work to include additional tasks in accordance with applicable regulations."
DOC-0046,RFP,"The proposal evaluation criteria include technical approach, management, and price in accordance with applicable regulations. Offerors shall provide a detailed staffing plan and key personnel resumes, including all associated documentation. Section L of this solicitation provides instructions for proposal preparation, as required by the contract. The Government intends to award a single Indefinite Delivery Indefinite Quantity contract per the approved project plan."
DOC-0212,Invoice,"Subcontractor costs as authorized under the contract are included on this invoice in accordance with applicable regulations. Direct labor costs billed at the negotiated fixed hourly rates per the contract. Travel expenses incurred in direct support of contract performance are included in accordance with applicable regulations. Invoices must be submitted via the Wide Area Workflow electronic invoicing system, as required by the contract."
DOC-0011,RFP,"Offerors are invited to submit technical and price proposals for per the approved project plan. The Government intends to award a single Indefinite Delivery Indefinite Quantity contract per the approved project plan. Offerors must demonstrate technical capability and relevant past performance, as required by the contract. The proposal evaluation criteria include technical approach, management, and price in accordance with applicable regulations. This Request for Proposal covers information technology services including per the approved project plan."
DOC-0148,Contract Modification,"This modification is issued to incorporate the following changes to the contract, as required by the contract. All other terms and conditions of the contract remain unchanged and in full force, as required by the contract. Modification P00003 deobligates funds and reduces the total contract ceiling in accordance with applicable regulations. The total obligated amount is hereby increased from the original contract value. The contractor acknowledges receipt of this modification and agrees to the changes, as required by the contract."
DOC-0242,Invoice,"Indirect costs including overhead and general and administrative expenses are billed, including all associated documentation. The invoice total reflects labor materials and other direct costs for the billing period in accordance with applicable regulations. The contractor hereby submits this invoice for payment of labor hours incurred per the approved project plan."
DOC-0313,Deliverable Report,"This Monthly Status Report covers activities completed during the reporting period in accordance with applicable regulations. This Risk Register identifies mitigation strategies for the top program risks, including all associated documentation. The Program Management Review slide deck summarizes progress against the integrated master schedule in accordance with applicable regulations. This Quality Assurance Surveillance Plan establishes the surveillance methodology, including all associated documentation."
DOC-0086,SOW,"The contractor is responsible for delivering the following tasks and deliverables. The Period of Performance for this task order is from date of award through. The contractor shall not disclose any sensitive information obtained during performance, including all associated documentation."
DOC-0252,Invoice,"This is a cost-plus-fixed-fee invoice submitted for reimbursement of allowable costs, as required by the contract. Invoice Number INV-2024-0451 for professional services rendered during the period per the approved project plan. Indirect costs including overhead and general and administrative expenses are billed, as required by the contract. Subcontractor costs as authorized under the contract are included on this invoice in accordance with applicable regulations."
DOC-0081,SOW,All deliverables shall be submitted in accordance with the Contract Deliverable Requirements List. Work shall be performed on-site at the Government facility located in. The contractor shall support data collection analysis and reporting activities per the approved project plan.
DOC-0334,Compliance Document,The contractor certifies compliance with the Buy American Act and Trade Agreements Act. This Cybersecurity Maturity Model Certification assessment covers all required practices in accordance with applicable regulations. Section 508 compliance testing confirms the system meets accessibility requirements in accordance with applicable regulations. The contractor must submit annual compliance certifications including ethics and conflict of interest per the approved project plan.
DOC-0262,Deliverable Report,"The Program Management Review slide deck summarizes progress against the integrated master schedule, including all associated documentation. The Final Report presents conclusions and recommendations based on the analysis conducted, as required by the contract. The Corrective Action Plan addresses deficiencies identified during the performance review per the approved project plan."
DOC-0239,Invoice,"Subcontractor costs as authorized under the contract are included on this invoice, as required by the contract. Backup documentation including timesheets and receipts is attached to this invoice per the approved project plan. The invoice total reflects labor materials and other direct costs for the billing period per the approved project plan."
DOC-0007,RFP,"Offerors shall provide a detailed staffing plan and key personnel resumes, as required by the contract. This Request for Proposal covers information technology services including per the approved project plan. Proposals shall address all requirements outlined in the Performance Work Statement, including all associated documentation. The proposal evaluation criteria include technical approach, management, and price per the approved project plan. Offerors must demonstrate technical capability and relevant past performance, including all associated documentation."
DOC-0102,SOW,The contractor is responsible for delivering the following tasks and deliverables in accordance with applicable regulations. The Period of Performance for this task order is from date of award through. The contractor shall provide technical writing and documentation support in accordance with applicable regulations.
DOC-0033,RFP,"The Government intends to award a single Indefinite Delivery Indefinite Quantity contract per the approved project plan. Section L of this solicitation provides instructions for proposal preparation in accordance with applicable regulations. The contracting officer anticipates award of a firm-fixed-price contract for, as required by the contract."
DOC-0053,RFP,"The proposal evaluation criteria include technical approach, management, and price, including all associated documentation. This Request for Proposal covers information technology services including, as required by the contract. Offerors shall provide a detailed staffing plan and key personnel resumes per the approved project plan. The Government is soliciting proposals for professional services in support of, including all associated documentation. All proposals must be submitted electronically via the SAM.gov portal."
DOC-0140,Contract Modification,"This bilateral modification is agreed to by both parties and incorporated herein in accordance with applicable regulations. The contract is hereby modified to add the following contract line items, including all associated documentation. The delivery schedule is modified to reflect the revised completion date, including all associated documentation."
DOC-0375,Compliance Document,"The Privacy Impact Assessment evaluates risks to personally identifiable information, as required by the contract. Section 508 compliance testing confirms the system meets accessibility requirements, as required by the contract. The Contractor must comply with all applicable Federal Acquisition Regulation clauses per the approved project plan."
DOC-0231,Invoice,"Payment is requested within 30 days of receipt per the prompt payment terms. Direct labor costs billed at the negotiated fixed hourly rates per the contract, as required by the contract. This is a cost-plus-fixed-fee invoice submitted for reimbursement of allowable costs per the approved project plan. Indirect costs including overhead and general and administrative expenses are billed per the approved project plan. Backup documentation including timesheets and receipts is attached to this invoice in accordance with applicable regulations."
DOC-0373,Compliance Document,"This System Security Plan describes the security controls implemented for the information system, as required by the contract. The Privacy Impact Assessment evaluates risks to personally identifiable information, including all associated documentation. The Supply Chain Risk Management Plan addresses third-party hardware and software risks."
DOC-0049,RFP,"The base period of performance is 12 months with four option years, as required by the contract. The proposal evaluation criteria include technical approach, management, and price. This Request for Proposal covers information technology services including in accordance with applicable regulations. The contracting officer anticipates award of a firm-fixed-price contract for."
DOC-0261,Deliverable Report,"This Quality Assurance Surveillance Plan establishes the surveillance methodology, as required by the contract. The Configuration Management Plan governs version control and change control procedures per the approved project plan. This Data Management Plan describes how data will be collected stored and protected in accordance with applicable regulations. The Corrective Action Plan addresses deficiencies identified during the performance review, including all associated documentation."
DOC-0352,Compliance Document,"The Continuity of Operations Plan ensures mission-critical functions during disruptions, including all associated documentation. The Contractor must comply with all applicable Federal Acquisition Regulation clauses in accordance with applicable regulations. This Authority to Operate is granted based on an acceptable level of residual risk, including all associated documentation. This Cybersecurity Maturity Model Certification assessment covers all required practices, as required by the contract. Data handling procedures comply with the Federal Information Security Modernization Act, including all associated documentation."
DOC-0321,Compliance Document,"This System Security Plan describes the security controls implemented for the information system, including all associated documentation. Data handling procedures comply with the Federal Information Security Modernization Act, as required by the contract. The Continuity of Operations Plan ensures mission-critical functions during disruptions, including all associated documentation. The Contractor must comply with all applicable Federal Acquisition Regulation clauses per the approved project plan. The Supply Chain Risk Management Plan addresses third-party hardware and software risks, as required by the contract."
DOC-0018,RFP,"Offerors are invited to submit technical and price proposals for, as required by the contract. This Request for Proposal covers information technology services including in accordance with applicable regulations. The proposal evaluation criteria include technical approach, management, and price. Proposals shall address all requirements outlined in the Performance Work Statement, including all associated documentation."
DOC-0138,Contract Modification,"All other terms and conditions of the contract remain unchanged and in full force. The total obligated amount is hereby increased from the original contract value per the approved project plan. The delivery schedule is modified to reflect the revised completion date, as required by the contract."
DOC-0082,SOW,"The contractor shall provide program management support services including, including all associated documentation. The contractor shall maintain an integrated master schedule and report status weekly, including all associated documentation. The contractor shall provide subject matter expertise in the following domains in accordance with applicable regulations. The contractor shall provide technical writing and documentation support per the approved project plan."
DOC-0089,SOW,"The contractor shall maintain an integrated master schedule and report status weekly. The contractor shall not disclose any sensitive information obtained during performance, as required by the contract. The contractor shall support data collection analysis and reporting activities, including all associated documentation. All deliverables shall be submitted in accordance with the Contract Deliverable Requirements List, including all associated documentation."
DOC-0311,Deliverable Report,"The Program Management Review slide deck summarizes progress against the integrated master schedule. The Transition Plan outlines steps for knowledge transfer to the incoming contractor, including all associated documentation. This Data Management Plan describes how data will be collected stored and protected, including all associated documentation. This After-Action Report documents findings and lessons learned from the exercise in accordance with applicable regulations."
DOC-0013,RFP,"The proposal evaluation criteria include technical approach, management, and price, as required by the contract. Offerors must demonstrate technical capability and relevant past performance, including all associated documentation. This Request for Proposal covers information technology services including per the approved project plan."
DOC-0289,Deliverable Report,"The Technical Design Document provides detailed specifications for the proposed system per the approved project plan. This Data Management Plan describes how data will be collected stored and protected in accordance with applicable regulations. The Program Management Review slide deck summarizes progress against the integrated master schedule in accordance with applicable regulations. The Configuration Management Plan governs version control and change control procedures, including all associated documentation. This Monthly Status Report covers activities completed during the reporting period per the approved project plan."
DOC-0149,Contract Modification,"The total obligated amount is hereby increased from the original contract value, as required by the contract. The delivery schedule is modified to reflect the revised completion date, including all associated documentation. This unilateral modification is issued pursuant to FAR clause 52.243-1. This change order modifies the statement of work to include additional tasks in accordance with applicable regulations. The purpose of this modification is to extend the period of performance by in accordance with applicable regulations."
DOC-0151,Contract Modification,"The delivery schedule is modified to reflect the revised completion date, as required by the contract. All other terms and conditions of the contract remain unchanged and in full force, as required by the contract. This bilateral modification is agreed to by both parties and incorporated herein per the approved project plan. This modification is issued to incorporate the following changes to the contract in accordance with applicable regulations. The contractor acknowledges receipt of this modification and agrees to the changes."
DOC-0098,SOW,"The contractor shall maintain an integrated master schedule and report status weekly. Task 1: Program Planning and Coordination — the contractor shall develop, as required by the contract. The contractor shall not disclose any sensitive information obtained during performance in accordance with applicable regulations. The contractor shall provide technical writing and documentation support per the approved project plan. The contractor shall provide program management support services including."
DOC-0095,SOW,"Task 1: Program Planning and Coordination — the contractor shall develop in accordance with applicable regulations. The contractor is responsible for delivering the following tasks and deliverables in accordance with applicable regulations. The contractor shall conduct quarterly performance reviews and submit written reports, as required by the contract."
DOC-0121,SOW,"The contractor shall support data collection analysis and reporting activities per the approved project plan. The contractor shall maintain an integrated master schedule and report status weekly, as required by the contract. The contractor is responsible for delivering the following tasks and deliverables, as required by the contract. Task 1: Program Planning and Coordination — the contractor shall develop. All deliverables shall be submitted in accordance with the Contract Deliverable Requirements List."
DOC-0005,RFP,"The proposal evaluation criteria include technical approach, management, and price in accordance with applicable regulations. The base period of performance is 12 months with four option years, including all associated documentation. All proposals must be submitted electronically via the SAM.gov portal in accordance with applicable regulations. The contracting officer anticipates award of a firm-fixed-price contract for, including all associated documentation."
DOC-0235,Invoice,"The invoice total reflects labor materials and other direct costs for the billing period. This invoice covers the period of performance from the first through the last day, as required by the contract. Invoices must be submitted via the Wide Area Workflow electronic invoicing system in accordance with applicable regulations. This is a cost-plus-fixed-fee invoice submitted for reimbursement of allowable costs, as required by the contract."
DOC-0094,SOW,"The contractor shall not disclose any sensitive information obtained during performance per the approved project plan. The contractor shall maintain an integrated master schedule and report status weekly. The contractor shall support data collection analysis and reporting activities, including all associated documentation."
DOC-0230,Invoice,"Invoice Number INV-2024-0451 for professional services rendered during the period, including all associated documentation. Payment is requested within 30 days of receipt per the prompt payment terms, as required by the contract. The invoice total reflects labor materials and other direct costs for the billing period, including all associated documentation. Direct labor costs billed at the negotiated fixed hourly rates per the contract, as required by the contract."
DOC-0211,Invoice,"Indirect costs including overhead and general and administrative expenses are billed, including all associated documentation. Travel expenses incurred in direct support of contract performance are included in accordance with applicable regulations. The contractor hereby submits this invoice for payment of labor hours incurred. Backup documentation including timesheets and receipts is attached to this invoice per the approved project plan."
DOC-0245,Invoice,"Indirect costs including overhead and general and administrative expenses are billed, as required by the contract. The invoice total reflects labor materials and other direct costs for the billing period, including all associated documentation. Payment is requested within 30 days of receipt per the prompt payment terms per the approved project plan. The contractor hereby submits this invoice for payment of labor hours incurred, as required by the contract."
DOC-0194,Invoice,"The invoice total reflects labor materials and other direct costs for the billing period in accordance with applicable regulations. Travel expenses incurred in direct support of contract performance are included, including all associated documentation. Invoice Number INV-2024-0451 for professional services rendered during the period, as required by the contract. Subcontractor costs as authorized under the contract are included on this invoice in accordance with applicable regulations. The contractor hereby submits this invoice for payment of labor hours incurred per the approved project plan."
DOC-0213,Invoice,"Invoices must be submitted via the Wide Area Workflow electronic invoicing system, as required by the contract. Subcontractor costs as authorized under the contract are included on this invoice, as required by the contract. Backup documentation including timesheets and receipts is attached to this invoice per the approved project plan. This is a cost-plus-fixed-fee invoice submitted for reimbursement of allowable costs per the approved project plan. The invoice total reflects labor materials and other direct costs for the billing period."
DOC-0186,Contract Modification,"This bilateral modification is agreed to by both parties and incorporated herein, as required by the contract. All other terms and conditions of the contract remain unchanged and in full force, including all associated documentation. This unilateral modification is issued pursuant to FAR clause 52.243-1, as required by the contract."
DOC-0214,Invoice,"The contractor hereby submits this invoice for payment of labor hours incurred, as required by the contract. Invoices must be submitted via the Wide Area Workflow electronic invoicing system, as required by the contract. Indirect costs including overhead and general and administrative expenses are billed, including all associated documentation."
DOC-0042,RFP,"Offerors are invited to submit technical and price proposals for per the approved project plan. The contracting officer anticipates award of a firm-fixed-price contract for in accordance with applicable regulations. The Government intends to award a single Indefinite Delivery Indefinite Quantity contract, as required by the contract. This Request for Proposal covers information technology services including per the approved project plan. Proposals shall address all requirements outlined in the Performance Work Statement in accordance with applicable regulations."
DOC-0143,Contract Modification,"All other terms and conditions of the contract remain unchanged and in full force, including all associated documentation. This unilateral modification is issued pursuant to FAR clause 52.243-1 in accordance with applicable regulations. The contractor acknowledges receipt of this modification and agrees to the changes. Modification P00003 deobligates funds and reduces the total contract ceiling in accordance with applicable regulations. The contract is hereby modified to add the following contract line items in accordance with applicable regulations."
DOC-0216,Invoice,"Indirect costs including overhead and general and administrative expenses are billed per the approved project plan. This invoice covers the period of performance from the first through the last day, including all associated documentation. The invoice total reflects labor materials and other direct costs for the billing period, as required by the contract. Travel expenses incurred in direct support of contract performance are included, including all associated documentation."
DOC-0108,SOW,"The contractor shall provide technical writing and documentation support. The Period of Performance for this task order is from date of award through, including all associated documentation. All deliverables shall be submitted in accordance with the Contract Deliverable Requirements List, including all associated documentation. The contractor shall support data collection analysis and reporting activities, as required by the contract. Task 1: Program Planning and Coordination — the contractor shall develop per the approved project plan."
DOC-0133,Contract Modification,"The contractor acknowledges receipt of this modification and agrees to the changes. This modification is issued to incorporate the following changes to the contract. The purpose of this modification is to extend the period of performance by, as required by the contract."
DOC-0040,RFP,"The base period of performance is 12 months with four option years, including all associated documentation. This Request for Proposal covers information technology services including in accordance with applicable regulations. Section L of this solicitation provides instructions for proposal preparation, including all associated documentation. The contracting officer anticipates award of a firm-fixed-price contract for, including all associated documentation. The proposal evaluation criteria include technical approach, management, and price in accordance with applicable regulations."
DOC-0224,Invoice,"The contractor hereby submits this invoice for payment of labor hours incurred, including all associated documentation. Indirect costs including overhead and general and administrative expenses are billed in accordance with applicable regulations. The invoice total reflects labor materials and other direct costs for the billing period, as required by the contract."
DOC-0115,SOW,"The contractor shall provide technical writing and documentation support per the approved project plan. The contractor shall provide subject matter expertise in the following domains, as required by the contract. The contractor shall conduct quarterly performance reviews and submit written reports in accordance with applicable regulations."
DOC-0106,SOW,"Work shall be performed on-site at the Government facility located in. The contractor shall maintain an integrated master schedule and report status weekly in accordance with applicable regulations. The contractor shall provide program management support services including, as required by the contract. The contractor shall support data collection analysis and reporting activities."
DOC-0297,Deliverable Report,"This Weekly Activity Report summarizes tasks completed issues encountered and planned work. The Program Management Review slide deck summarizes progress against the integrated master schedule in accordance with applicable regulations. This Monthly Status Report covers activities completed during the reporting period, including all associated documentation."
DOC-0135,Contract Modification,This bilateral modification is agreed to by both parties and incorporated herein per the approved project plan. The total obligated amount is hereby increased from the original contract value. Modification P00003 deobligates funds and reduces the total contract ceiling in accordance with applicable regulations. All other terms and conditions of the contract remain unchanged and in full force.
DOC-0164,Contract Modification,All other terms and conditions of the contract remain unchanged and in full force per the approved project plan. The delivery schedule is modified to reflect the revised completion date. This change order modifies the statement of work to include additional tasks in accordance with applicable regulations.
DOC-0264,Deliverable Report,"The Program Management Review slide deck summarizes progress against the integrated master schedule. This Weekly Activity Report summarizes tasks completed issues encountered and planned work. This Risk Register identifies mitigation strategies for the top program risks, as required by the contract. This Data Management Plan describes how data will be collected stored and protected, including all associated documentation. The Transition Plan outlines steps for knowledge transfer to the incoming contractor per the approved project plan."
DOC-0316,Deliverable Report,"The Program Management Review slide deck summarizes progress against the integrated master schedule. The Technical Design Document provides detailed specifications for the proposed system, as required by the contract. The Final Report presents conclusions and recommendations based on the analysis conducted. This After-Action Report documents findings and lessons learned from the exercise, including all associated documentation."
DOC-0258,Deliverable Report,"The Corrective Action Plan addresses deficiencies identified during the performance review in accordance with applicable regulations. This Weekly Activity Report summarizes tasks completed issues encountered and planned work in accordance with applicable regulations. The Final Report presents conclusions and recommendations based on the analysis conducted per the approved project plan. The Transition Plan outlines steps for knowledge transfer to the incoming contractor, including all associated documentation."
DOC-0236,Invoice,This is a cost-plus-fixed-fee invoice submitted for reimbursement of allowable costs per the approved project plan. This invoice covers the period of performance from the first through the last day per the approved project plan. The contractor hereby submits this invoice for payment of labor hours incurred per the approved project plan.
DOC-0168,Contract Modification,"The contractor acknowledges receipt of this modification and agrees to the changes, as required by the contract. The delivery schedule is modified to reflect the revised completion date. The contract is hereby modified to add the following contract line items in accordance with applicable regulations."
DOC-0358,Compliance Document,"This Authority to Operate is granted based on an acceptable level of residual risk. This Cybersecurity Maturity Model Certification assessment covers all required practices, as required by the contract. Data handling procedures comply with the Federal Information Security Modernization Act, including all associated documentation. This System Security Plan describes the security controls implemented for the information system. The Supply Chain Risk Management Plan addresses third-party hardware and software risks."
DOC-0048,RFP,"All proposals must be submitted electronically via the SAM.gov portal in accordance with applicable regulations. Offerors must demonstrate technical capability and relevant past performance in accordance with applicable regulations. Section L of this solicitation provides instructions for proposal preparation, including all associated documentation. The contracting officer anticipates award of a firm-fixed-price contract for in accordance with applicable regulations. Offerors shall provide a detailed staffing plan and key personnel resumes, including all associated documentation."
DOC-0337,Compliance Document,"Section 508 compliance testing confirms the system meets accessibility requirements, as required by the contract. The Supply Chain Risk Management Plan addresses third-party hardware and software risks. The Continuity of Operations Plan ensures mission-critical functions during disruptions per the approved project plan. The contractor must submit annual compliance certifications including ethics and conflict of interest."
DOC-0339,Compliance Document,The Contractor must comply with all applicable Federal Acquisition Regulation clauses per the approved project plan. This Authority to Operate is granted based on an acceptable level of residual risk in accordance with applicable regulations. The Supply Chain Risk Management Plan addresses third-party hardware and software risks per the approved project plan.
DOC-0171,Contract Modification,"This modification is issued to incorporate the following changes to the contract, as required by the contract. This change order modifies the statement of work to include additional tasks, including all associated documentation. This unilateral modification is issued pursuant to FAR clause 52.243-1, as required by the contract. The contract is hereby modified to add the following contract line items in accordance with applicable regulations."
DOC-0274,Deliverable Report,"This After-Action Report documents findings and lessons learned from the exercise per the approved project plan. The Corrective Action Plan addresses deficiencies identified during the performance review in accordance with applicable regulations. The Transition Plan outlines steps for knowledge transfer to the incoming contractor. The Configuration Management Plan governs version control and change control procedures, as required by the contract."
DOC-0109,SOW,"The Period of Performance for this task order is from date of award through. The contractor shall provide technical writing and documentation support per the approved project plan. The contractor is responsible for delivering the following tasks and deliverables, as required by the contract. The contractor shall provide program management support services including, as required by the contract. All deliverables shall be submitted in accordance with the Contract Deliverable Requirements List per the approved project plan."
DOC-0099,SOW,"All deliverables shall be submitted in accordance with the Contract Deliverable Requirements List, as required by the contract. The contractor shall provide subject matter expertise in the following domains. The contractor shall provide program management support services including per the approved project plan. The contractor is responsible for delivering the following tasks and deliverables, as required by the contract."
DOC-0185,Contract Modification,"This modification is issued to incorporate the following changes to the contract per the approved project plan. The total obligated amount is hereby increased from the original contract value. All other terms and conditions of the contract remain unchanged and in full force, including all associated documentation."
DOC-0243,Invoice,"Backup documentation including timesheets and receipts is attached to this invoice. This invoice covers the period of performance from the first through the last day per the approved project plan. This is a cost-plus-fixed-fee invoice submitted for reimbursement of allowable costs in accordance with applicable regulations. The contractor hereby submits this invoice for payment of labor hours incurred, including all associated documentation. Indirect costs including overhead and general and administrative expenses are billed per the approved project plan."
DOC-0246,Invoice,"This is a cost-plus-fixed-fee invoice submitted for reimbursement of allowable costs in accordance with applicable regulations. Backup documentation including timesheets and receipts is attached to this invoice, as required by the contract. Invoice Number INV-2024-0451 for professional services rendered during the period, including all associated documentation."
DOC-0166,Contract Modification,"This bilateral modification is agreed to by both parties and incorporated herein, including all associated documentation. This change order modifies the statement of work to include additional tasks, as required by the contract. Modification P00001 adds the following scope to the existing task order, as required by the contract."
DOC-0029,RFP,"The Government intends to award a single Indefinite Delivery Indefinite Quantity contract, including all associated documentation. The Government is soliciting proposals for professional services in support of. All proposals must be submitted electronically via the SAM.gov portal, including all associated documentation. Section L of this solicitation provides instructions for proposal preparation per the approved project plan."
DOC-0200,Invoice,"This invoice covers the period of performance from the first through the last day, including all associated documentation. Backup documentation including timesheets and receipts is attached to this invoice in accordance with applicable regulations. Travel expenses incurred in direct support of contract performance are included, as required by the contract. The invoice total reflects labor materials and other direct costs for the billing period in accordance with applicable regulations. Subcontractor costs as authorized under the contract are included on this invoice in accordance with applicable regulations."
DOC-0184,Contract Modification,All other terms and conditions of the contract remain unchanged and in full force in accordance with applicable regulations. Modification P00003 deobligates funds and reduces the total contract ceiling per the approved project plan. Modification P00001 adds the following scope to the existing task order in accordance with applicable regulations.
DOC-0304,Deliverable Report,This Weekly Activity Report summarizes tasks completed issues encountered and planned work in accordance with applicable regulations. This Quality Assurance Surveillance Plan establishes the surveillance methodology. The Configuration Management Plan governs version control and change control procedures in accordance with applicable regulations.
DOC-0091,SOW,"All deliverables shall be submitted in accordance with the Contract Deliverable Requirements List, as required by the contract. The contractor shall conduct quarterly performance reviews and submit written reports, including all associated documentation. The contractor is responsible for delivering the following tasks and deliverables, including all associated documentation. Work shall be performed on-site at the Government facility located in."
DOC-0315,Deliverable Report,"The Corrective Action Plan addresses deficiencies identified during the performance review in accordance with applicable regulations. This Quality Assurance Surveillance Plan establishes the surveillance methodology, as required by the contract. The Program Management Review slide deck summarizes progress against the integrated master schedule, including all associated documentation."
DOC-0223,Invoice,"Subcontractor costs as authorized under the contract are included on this invoice, as required by the contract. Direct labor costs billed at the negotiated fixed hourly rates per the contract, including all associated documentation. Backup documentation including timesheets and receipts is attached to this invoice in accordance with applicable regulations. Invoice Number INV-2024-0451 for professional services rendered during the period. The contractor hereby submits this invoice for payment of labor hours incurred in accordance with applicable regulations."
DOC-0026,RFP,"Offerors are invited to submit technical and price proposals for, as required by the contract. The proposal evaluation criteria include technical approach, management, and price, including all associated documentation. The Government is soliciting proposals for professional services in support of, as required by the contract. The contracting officer anticipates award of a firm-fixed-price contract for in accordance with applicable regulations. Proposals shall address all requirements outlined in the Performance Work Statement."
DOC-0240,Invoice,"Direct labor costs billed at the negotiated fixed hourly rates per the contract. The invoice total reflects labor materials and other direct costs for the billing period in accordance with applicable regulations. Backup documentation including timesheets and receipts is attached to this invoice, as required by the contract. Payment is requested within 30 days of receipt per the prompt payment terms in accordance with applicable regulations."
DOC-0355,Compliance Document,The contractor certifies compliance with the Buy American Act and Trade Agreements Act in accordance with applicable regulations. The Continuity of Operations Plan ensures mission-critical functions during disruptions. The Supply Chain Risk Management Plan addresses third-party hardware and software risks in accordance with applicable regulations. This Authority to Operate is granted based on an acceptable level of residual risk in accordance with applicable regulations.
DOC-0062,SOW,"The contractor shall provide subject matter expertise in the following domains. The contractor is responsible for delivering the following tasks and deliverables in accordance with applicable regulations. The contractor shall provide technical writing and documentation support, as required by the contract. Work shall be performed on-site at the Government facility located in."
DOC-0035,RFP,Proposals shall address all requirements outlined in the Performance Work Statement per the approved project plan. The Government is soliciting proposals for professional services in support of. Offerors are invited to submit technical and price proposals for. This Request for Proposal covers information technology services including per the approved project plan.
DOC-0169,Contract Modification,"Modification P00003 deobligates funds and reduces the total contract ceiling in accordance with applicable regulations. The delivery schedule is modified to reflect the revised completion date. This unilateral modification is issued pursuant to FAR clause 52.243-1. The contractor acknowledges receipt of this modification and agrees to the changes, including all associated documentation. All other terms and conditions of the contract remain unchanged and in full force, including all associated documentation."
DOC-0294,Deliverable Report,"This Risk Register identifies mitigation strategies for the top program risks in accordance with applicable regulations. This Monthly Status Report covers activities completed during the reporting period in accordance with applicable regulations. The Transition Plan outlines steps for knowledge transfer to the incoming contractor, as required by the contract."
DOC-0172,Contract Modification,"This bilateral modification is agreed to by both parties and incorporated herein, including all associated documentation. The delivery schedule is modified to reflect the revised completion date, as required by the contract. The contractor acknowledges receipt of this modification and agrees to the changes in accordance with applicable regulations."
DOC-0251,Invoice,"This invoice covers the period of performance from the first through the last day, as required by the contract. Indirect costs including overhead and general and administrative expenses are billed, including all associated documentation. Travel expenses incurred in direct support of contract performance are included, as required by the contract. Subcontractor costs as authorized under the contract are included on this invoice."
DOC-0348,Compliance Document,"The Supply Chain Risk Management Plan addresses third-party hardware and software risks in accordance with applicable regulations. The Contractor must comply with all applicable Federal Acquisition Regulation clauses. Section 508 compliance testing confirms the system meets accessibility requirements, as required by the contract."
DOC-0320,Compliance Document,"The Privacy Impact Assessment evaluates risks to personally identifiable information, as required by the contract. This FedRAMP authorization package demonstrates compliance with NIST SP 800-53 controls, as required by the contract. This Authority to Operate is granted based on an acceptable level of residual risk in accordance with applicable regulations."
DOC-0181,Contract Modification,"This bilateral modification is agreed to by both parties and incorporated herein, as required by the contract. The contract is hereby modified to add the following contract line items. The purpose of this modification is to extend the period of performance by in accordance with applicable regulations. This change order modifies the statement of work to include additional tasks. The total obligated amount is hereby increased from the original contract value, including all associated documentation."
DOC-0111,SOW,"The contractor shall provide subject matter expertise in the following domains, as required by the contract. The contractor shall provide technical writing and documentation support in accordance with applicable regulations. The contractor shall not disclose any sensitive information obtained during performance in accordance with applicable regulations. All deliverables shall be submitted in accordance with the Contract Deliverable Requirements List, as required by the contract. The contractor shall maintain an integrated master schedule and report status weekly, including all associated documentation."
DOC-0063,SOW,"The contractor shall provide program management support services including per the approved project plan. The contractor shall provide technical writing and documentation support, as required by the contract. All deliverables shall be submitted in accordance with the Contract Deliverable Requirements List, as required by the contract. The contractor shall maintain an integrated master schedule and report status weekly, as required by the contract."
DOC-0259,Deliverable Report,"This Quality Assurance Surveillance Plan establishes the surveillance methodology in accordance with applicable regulations. This Risk Register identifies mitigation strategies for the top program risks. The Corrective Action Plan addresses deficiencies identified during the performance review, including all associated documentation."
DOC-0322,Compliance Document,This System Security Plan describes the security controls implemented for the information system. The contractor must submit annual compliance certifications including ethics and conflict of interest. The Supply Chain Risk Management Plan addresses third-party hardware and software risks per the approved project plan.
DOC-0366,Compliance Document,"The contractor certifies compliance with the Buy American Act and Trade Agreements Act, including all associated documentation. This System Security Plan describes the security controls implemented for the information system per the approved project plan. Data handling procedures comply with the Federal Information Security Modernization Act per the approved project plan. The Contractor must comply with all applicable Federal Acquisition Regulation clauses in accordance with applicable regulations."
DOC-0190,Contract Modification,"Modification P00003 deobligates funds and reduces the total contract ceiling in accordance with applicable regulations. The contractor acknowledges receipt of this modification and agrees to the changes per the approved project plan. Modification P00001 adds the following scope to the existing task order, including all associated documentation."
DOC-0273,Deliverable Report,"The Final Report presents conclusions and recommendations based on the analysis conducted, as required by the contract. This Monthly Status Report covers activities completed during the reporting period, including all associated documentation. This Quality Assurance Surveillance Plan establishes the surveillance methodology. This Risk Register identifies mitigation strategies for the top program risks, as required by the contract."
DOC-0277,Deliverable Report,"This After-Action Report documents findings and lessons learned from the exercise per the approved project plan. The Program Management Review slide deck summarizes progress against the integrated master schedule in accordance with applicable regulations. The Final Report presents conclusions and recommendations based on the analysis conducted. This Monthly Status Report covers activities completed during the reporting period, as required by the contract."
DOC-0177,Contract Modification,"This unilateral modification is issued pursuant to FAR clause 52.243-1 in accordance with applicable regulations. This modification is issued to incorporate the following changes to the contract. The contractor acknowledges receipt of this modification and agrees to the changes, as required by the contract."
DOC-0180,Contract Modification,"The delivery schedule is modified to reflect the revised completion date in accordance with applicable regulations. The contract is hereby modified to add the following contract line items, including all associated documentation. This change order modifies the statement of work to include additional tasks in accordance with applicable regulations. The total obligated amount is hereby increased from the original contract value, as required by the contract."
DOC-0044,RFP,"The Government intends to award a single Indefinite Delivery Indefinite Quantity contract, including all associated documentation. The contracting officer anticipates award of a firm-fixed-price contract for. Proposals shall address all requirements outlined in the Performance Work Statement per the approved project plan. Offerors shall provide a detailed staffing plan and key personnel resumes, as required by the contract."
DOC-0024,RFP,"Offerors are invited to submit technical and price proposals for, including all associated documentation. Proposals shall address all requirements outlined in the Performance Work Statement, including all associated documentation. Section L of this solicitation provides instructions for proposal preparation per the approved project plan. All proposals must be submitted electronically via the SAM.gov portal per the approved project plan. The Government intends to award a single Indefinite Delivery Indefinite Quantity contract in accordance with applicable regulations."
DOC-0039,RFP,"This Request for Proposal covers information technology services including, as required by the contract. All proposals must be submitted electronically via the SAM.gov portal. Section L of this solicitation provides instructions for proposal preparation, as required by the contract."
DOC-0249,Invoice,"Travel expenses incurred in direct support of contract performance are included, as required by the contract. Indirect costs including overhead and general and administrative expenses are billed, as required by the contract. The contractor hereby submits this invoice for payment of labor hours incurred, including all associated documentation. Payment is requested within 30 days of receipt per the prompt payment terms in accordance with applicable regulations. This is a cost-plus-fixed-fee invoice submitted for reimbursement of allowable costs."
DOC-0110,SOW,"The contractor shall support data collection analysis and reporting activities, including all associated documentation. The Period of Performance for this task order is from date of award through in accordance with applicable regulations. The contractor shall provide subject matter expertise in the following domains in accordance with applicable regulations. All deliverables shall be submitted in accordance with the Contract Deliverable Requirements List, including all associated documentation."
DOC-0097,SOW,"The Period of Performance for this task order is from date of award through, including all associated documentation. The contractor shall provide subject matter expertise in the following domains per the approved project plan. The contractor shall provide technical writing and documentation support."
DOC-0078,SOW,"The contractor shall not disclose any sensitive information obtained during performance, as required by the contract. The contractor shall provide technical writing and documentation support, as required by the contract. The contractor shall provide program management support services including. The contractor shall conduct quarterly performance reviews and submit written reports, as required by the contract."
DOC-0219,Invoice,"The contractor hereby submits this invoice for payment of labor hours incurred, including all associated documentation. Subcontractor costs as authorized under the contract are included on this invoice in accordance with applicable regulations. Direct labor costs billed at the negotiated fixed hourly rates per the contract. Invoice Number INV-2024-0451 for professional services rendered during the period per the approved project plan."
DOC-0093,SOW,The Period of Performance for this task order is from date of award through per the approved project plan. The contractor shall support data collection analysis and reporting activities. The contractor shall conduct quarterly performance reviews and submit written reports.
DOC-0336,Compliance Document,"The Continuity of Operations Plan ensures mission-critical functions during disruptions in accordance with applicable regulations. The contractor must submit annual compliance certifications including ethics and conflict of interest per the approved project plan. This FedRAMP authorization package demonstrates compliance with NIST SP 800-53 controls per the approved project plan. This Cybersecurity Maturity Model Certification assessment covers all required practices, including all associated documentation."
DOC-0019,RFP,"Offerors are invited to submit technical and price proposals for, including all associated documentation. Section L of this solicitation provides instructions for proposal preparation in accordance with applicable regulations. Offerors shall provide a detailed staffing plan and key personnel resumes in accordance with applicable regulations. The base period of performance is 12 months with four option years, as required by the contract."
DOC-0075,SOW,"The contractor shall maintain an integrated master schedule and report status weekly per the approved project plan. The contractor is responsible for delivering the following tasks and deliverables, including all associated documentation. All deliverables shall be submitted in accordance with the Contract Deliverable Requirements List, including all associated documentation."
DOC-0308,Deliverable Report,"The Configuration Management Plan governs version control and change control procedures, as required by the contract. This Monthly Status Report covers activities completed during the reporting period per the approved project plan. This Risk Register identifies mitigation strategies for the top program risks in accordance with applicable regulations. The Corrective Action Plan addresses deficiencies identified during the performance review in accordance with applicable regulations. The Final Report presents conclusions and recommendations based on the analysis conducted, including all associated documentation."
DOC-0197,Invoice,"The contractor hereby submits this invoice for payment of labor hours incurred, including all associated documentation. Backup documentation including timesheets and receipts is attached to this invoice, including all associated documentation. This invoice covers the period of performance from the first through the last day. Indirect costs including overhead and general and administrative expenses are billed, including all associated documentation. This is a cost-plus-fixed-fee invoice submitted for reimbursement of allowable costs, as required by the contract."
DOC-0159,Contract Modification,"The contract is hereby modified to add the following contract line items, including all associated documentation. All other terms and conditions of the contract remain unchanged and in full force, as required by the contract. The purpose of this modification is to extend the period of performance by per the approved project plan. This unilateral modification is issued pursuant to FAR clause 52.243-1 in accordance with applicable regulations."
DOC-0080,SOW,"The contractor shall maintain an integrated master schedule and report status weekly, as required by the contract. The Period of Performance for this task order is from date of award through per the approved project plan. The contractor shall support data collection analysis and reporting activities. The contractor shall conduct quarterly performance reviews and submit written reports, as required by the contract."
DOC-0150,Contract Modification,"The purpose of this modification is to extend the period of performance by, including all associated documentation. This unilateral modification is issued pursuant to FAR clause 52.243-1. This bilateral modification is agreed to by both parties and incorporated herein, including all associated documentation. The contractor acknowledges receipt of this modification and agrees to the changes per the approved project plan."
DOC-0124,Contract Modification,"Modification P00003 deobligates funds and reduces the total contract ceiling, including all associated documentation. This change order modifies the statement of work to include additional tasks in accordance with applicable regulations. All other terms and conditions of the contract remain unchanged and in full force per the approved project plan. The contract is hereby modified to add the following contract line items, as required by the contract."
DOC-0004,RFP,"The Government intends to award a single Indefinite Delivery Indefinite Quantity contract in accordance with applicable regulations. Proposals shall address all requirements outlined in the Performance Work Statement per the approved project plan. The contracting officer anticipates award of a firm-fixed-price contract for, as required by the contract. The proposal evaluation criteria include technical approach, management, and price per the approved project plan. The Government is soliciting proposals for professional services in support of, including all associated documentation."
DOC-0116,SOW,The contractor shall support data collection analysis and reporting activities per the approved project plan. The contractor shall provide technical writing and documentation support in accordance with applicable regulations. The contractor shall maintain an integrated master schedule and report status weekly.
DOC-0068,SOW,The contractor shall provide technical writing and documentation support per the approved project plan. The Period of Performance for this task order is from date of award through per the approved project plan. The contractor shall maintain an integrated master schedule and report status weekly in accordance with applicable regulations.
DOC-0265,Deliverable Report,"This Data Management Plan describes how data will be collected stored and protected. This Weekly Activity Report summarizes tasks completed issues encountered and planned work, including all associated documentation. The Final Report presents conclusions and recommendations based on the analysis conducted per the approved project plan. The Program Management Review slide deck summarizes progress against the integrated master schedule in accordance with applicable regulations."
DOC-0255,Deliverable Report,"This Quality Assurance Surveillance Plan establishes the surveillance methodology, including all associated documentation. The Corrective Action Plan addresses deficiencies identified during the performance review, including all associated documentation. This After-Action Report documents findings and lessons learned from the exercise in accordance with applicable regulations."
DOC-0356,Compliance Document,The contractor must submit annual compliance certifications including ethics and conflict of interest in accordance with applicable regulations. Data handling procedures comply with the Federal Information Security Modernization Act. This FedRAMP authorization package demonstrates compliance with NIST SP 800-53 controls in accordance with applicable regulations. This Cybersecurity Maturity Model Certification assessment covers all required practices. This System Security Plan describes the security controls implemented for the information system per the approved project plan.
DOC-0292,Deliverable Report,"The Corrective Action Plan addresses deficiencies identified during the performance review per the approved project plan. This Quality Assurance Surveillance Plan establishes the surveillance methodology, as required by the contract. This Data Management Plan describes how data will be collected stored and protected."
DOC-0222,Invoice,"Indirect costs including overhead and general and administrative expenses are billed per the approved project plan. Direct labor costs billed at the negotiated fixed hourly rates per the contract. Payment is requested within 30 days of receipt per the prompt payment terms in accordance with applicable regulations. Invoice Number INV-2024-0451 for professional services rendered during the period in accordance with applicable regulations. This invoice covers the period of performance from the first through the last day, including all associated documentation."
DOC-0160,Contract Modification,"The total obligated amount is hereby increased from the original contract value in accordance with applicable regulations. Modification P00003 deobligates funds and reduces the total contract ceiling per the approved project plan. This bilateral modification is agreed to by both parties and incorporated herein, as required by the contract. The purpose of this modification is to extend the period of performance by. The contract is hereby modified to add the following contract line items per the approved project plan."
DOC-0221,Invoice,"The contractor hereby submits this invoice for payment of labor hours incurred, as required by the contract. Backup documentation including timesheets and receipts is attached to this invoice, as required by the contract. The invoice total reflects labor materials and other direct costs for the billing period, including all associated documentation. Travel expenses incurred in direct support of contract performance are included."
DOC-0267,Deliverable Report,This Risk Register identifies mitigation strategies for the top program risks per the approved project plan. The Configuration Management Plan governs version control and change control procedures per the approved project plan. This Monthly Status Report covers activities completed during the reporting period in accordance with applicable regulations.
DOC-0003,RFP,"Offerors shall provide a detailed staffing plan and key personnel resumes, as required by the contract. This Request for Proposal covers information technology services including in accordance with applicable regulations. Proposals shall address all requirements outlined in the Performance Work Statement, including all associated documentation. The base period of performance is 12 months with four option years, including all associated documentation. The proposal evaluation criteria include technical approach, management, and price, as required by the contract."
DOC-0340,Compliance Document,"This Authority to Operate is granted based on an acceptable level of residual risk, as required by the contract. This Cybersecurity Maturity Model Certification assessment covers all required practices. The Continuity of Operations Plan ensures mission-critical functions during disruptions per the approved project plan. The Contractor must comply with all applicable Federal Acquisition Regulation clauses, including all associated documentation. The Supply Chain Risk Management Plan addresses third-party hardware and software risks, as required by the contract."
DOC-0347,Compliance Document,"The Contractor must comply with all applicable Federal Acquisition Regulation clauses, as required by the contract. The Continuity of Operations Plan ensures mission-critical functions during disruptions. The contractor certifies compliance with the Buy American Act and Trade Agreements Act, including all associated documentation."
DOC-0139,Contract Modification,"The total obligated amount is hereby increased from the original contract value per the approved project plan. This change order modifies the statement of work to include additional tasks, including all associated documentation. The contractor acknowledges receipt of this modification and agrees to the changes. The contract is hereby modified to add the following contract line items in accordance with applicable regulations. This bilateral modification is agreed to by both parties and incorporated herein per the approved project plan."
DOC-0034,RFP,"Offerors must demonstrate technical capability and relevant past performance, including all associated documentation. Offerors shall provide a detailed staffing plan and key personnel resumes, including all associated documentation. Section L of this solicitation provides instructions for proposal preparation in accordance with applicable regulations."
DOC-0330,Compliance Document,"Section 508 compliance testing confirms the system meets accessibility requirements, including all associated documentation. The Privacy Impact Assessment evaluates risks to personally identifiable information. The Contractor must comply with all applicable Federal Acquisition Regulation clauses. The contractor must submit annual compliance certifications including ethics and conflict of interest, as required by the contract. The contractor certifies compliance with the Buy American Act and Trade Agreements Act."
DOC-0233,Invoice,"Invoice Number INV-2024-0451 for professional services rendered during the period per the approved project plan. Subcontractor costs as authorized under the contract are included on this invoice per the approved project plan. The invoice total reflects labor materials and other direct costs for the billing period, as required by the contract. The contractor hereby submits this invoice for payment of labor hours incurred, including all associated documentation. Invoices must be submitted via the Wide Area Workflow electronic invoicing system."
DOC-0128,Contract Modification,"The total obligated amount is hereby increased from the original contract value in accordance with applicable regulations. The contractor acknowledges receipt of this modification and agrees to the changes, including all associated documentation. The delivery schedule is modified to reflect the revised completion date, including all associated documentation."
DOC-0301,Deliverable Report,"The Transition Plan outlines steps for knowledge transfer to the incoming contractor. The Configuration Management Plan governs version control and change control procedures per the approved project plan. This Weekly Activity Report summarizes tasks completed issues encountered and planned work, including all associated documentation."
DOC-0374,Compliance Document,"The Supply Chain Risk Management Plan addresses third-party hardware and software risks. The contractor certifies compliance with the Buy American Act and Trade Agreements Act, as required by the contract. The Continuity of Operations Plan ensures mission-critical functions during disruptions in accordance with applicable regulations. The contractor must submit annual compliance certifications including ethics and conflict of interest, including all associated documentation. The Privacy Impact Assessment evaluates risks to personally identifiable information, as required by the contract."
DOC-0295,Deliverable Report,"The Technical Design Document provides detailed specifications for the proposed system. The Corrective Action Plan addresses deficiencies identified during the performance review, including all associated documentation. The Final Report presents conclusions and recommendations based on the analysis conducted, as required by the contract. This Quality Assurance Surveillance Plan establishes the surveillance methodology per the approved project plan. The Configuration Management Plan governs version control and change control procedures in accordance with applicable regulations."
DOC-0354,Compliance Document,"Data handling procedures comply with the Federal Information Security Modernization Act, including all associated documentation. The contractor certifies compliance with the Buy American Act and Trade Agreements Act, as required by the contract. This System Security Plan describes the security controls implemented for the information system, including all associated documentation. The Continuity of Operations Plan ensures mission-critical functions during disruptions in accordance with applicable regulations. The Privacy Impact Assessment evaluates risks to personally identifiable information."
DOC-0165,Contract Modification,"The purpose of this modification is to extend the period of performance by. This change order modifies the statement of work to include additional tasks. The contractor acknowledges receipt of this modification and agrees to the changes, as required by the contract. Modification P00003 deobligates funds and reduces the total contract ceiling in accordance with applicable regulations. This unilateral modification is issued pursuant to FAR clause 52.243-1."
DOC-0088,SOW,"The contractor shall provide subject matter expertise in the following domains, as required by the contract. Work shall be performed on-site at the Government facility located in per the approved project plan. The contractor shall maintain an integrated master schedule and report status weekly, including all associated documentation. The contractor shall provide technical writing and documentation support per the approved project plan."
DOC-0362,Compliance Document,"The Continuity of Operations Plan ensures mission-critical functions during disruptions, including all associated documentation. The contractor must submit annual compliance certifications including ethics and conflict of interest, as required by the contract. The Privacy Impact Assessment evaluates risks to personally identifiable information. Data handling procedures comply with the Federal Information Security Modernization Act per the approved project plan. This Authority to Operate is granted based on an acceptable level of residual risk per the approved project plan."
DOC-0282,Deliverable Report,"This Monthly Status Report covers activities completed during the reporting period, including all associated documentation. The Technical Design Document provides detailed specifications for the proposed system in accordance with applicable regulations. The Final Report presents conclusions and recommendations based on the analysis conducted, including all associated documentation. The Corrective Action Plan addresses deficiencies identified during the performance review."
DOC-0179,Contract Modification,The contractor acknowledges receipt of this modification and agrees to the changes. All other terms and conditions of the contract remain unchanged and in full force per the approved project plan. This unilateral modification is issued pursuant to FAR clause 52.243-1 per the approved project plan. This change order modifies the statement of work to include additional tasks in accordance with applicable regulations.
DOC-0187,Contract Modification,The total obligated amount is hereby increased from the original contract value in accordance with applicable regulations. This unilateral modification is issued pursuant to FAR clause 52.243-1 per the approved project plan. Modification P00003 deobligates funds and reduces the total contract ceiling in accordance with applicable regulations. The contract is hereby modified to add the following contract line items in accordance with applicable regulations.
DOC-0010,RFP,"Offerors are invited to submit technical and price proposals for, including all associated documentation. All proposals must be submitted electronically via the SAM.gov portal, including all associated documentation. Section L of this solicitation provides instructions for proposal preparation, including all associated documentation. Proposals shall address all requirements outlined in the Performance Work Statement. Offerors must demonstrate technical capability and relevant past performance, as required by the contract."
DOC-0317,Compliance Document,"The Supply Chain Risk Management Plan addresses third-party hardware and software risks in accordance with applicable regulations. This System Security Plan describes the security controls implemented for the information system. This Cybersecurity Maturity Model Certification assessment covers all required practices in accordance with applicable regulations. The Continuity of Operations Plan ensures mission-critical functions during disruptions, as required by the contract."
DOC-0291,Deliverable Report,"This Monthly Status Report covers activities completed during the reporting period in accordance with applicable regulations. The Program Management Review slide deck summarizes progress against the integrated master schedule per the approved project plan. This Weekly Activity Report summarizes tasks completed issues encountered and planned work, as required by the contract. This Data Management Plan describes how data will be collected stored and protected, as required by the contract. The Technical Design Document provides detailed specifications for the proposed system in accordance with applicable regulations."
DOC-0144,Contract Modification,"The delivery schedule is modified to reflect the revised completion date per the approved project plan. The contractor acknowledges receipt of this modification and agrees to the changes, including all associated documentation. This unilateral modification is issued pursuant to FAR clause 52.243-1 in accordance with applicable regulations. This bilateral modification is agreed to by both parties and incorporated herein."
DOC-0353,Compliance Document,"This Authority to Operate is granted based on an acceptable level of residual risk. Data handling procedures comply with the Federal Information Security Modernization Act, as required by the contract. The Supply Chain Risk Management Plan addresses third-party hardware and software risks, including all associated documentation."
DOC-0195,Invoice,"Backup documentation including timesheets and receipts is attached to this invoice. The invoice total reflects labor materials and other direct costs for the billing period, as required by the contract. This invoice covers the period of performance from the first through the last day, including all associated documentation. Travel expenses incurred in direct support of contract performance are included, including all associated documentation."
DOC-0263,Deliverable Report,"This Risk Register identifies mitigation strategies for the top program risks, including all associated documentation. This Quality Assurance Surveillance Plan establishes the surveillance methodology. The Configuration Management Plan governs version control and change control procedures in accordance with applicable regulations. The Program Management Review slide deck summarizes progress against the integrated master schedule, including all associated documentation. This After-Action Report documents findings and lessons learned from the exercise, including all associated documentation."
DOC-0323,Compliance Document,"This FedRAMP authorization package demonstrates compliance with NIST SP 800-53 controls per the approved project plan. This System Security Plan describes the security controls implemented for the information system, including all associated documentation. Section 508 compliance testing confirms the system meets accessibility requirements per the approved project plan. The contractor must submit annual compliance certifications including ethics and conflict of interest in accordance with applicable regulations. The Contractor must comply with all applicable Federal Acquisition Regulation clauses per the approved project plan."
DOC-0077,SOW,"The Period of Performance for this task order is from date of award through, as required by the contract. The contractor shall conduct quarterly performance reviews and submit written reports, including all associated documentation. The contractor shall provide technical writing and documentation support, including all associated documentation. The contractor shall provide subject matter expertise in the following domains, as required by the contract. The contractor shall provide program management support services including in accordance with applicable regulations."
DOC-0073,SOW,"The contractor shall conduct quarterly performance reviews and submit written reports, as required by the contract. The contractor shall maintain an integrated master schedule and report status weekly, as required by the contract. The contractor shall provide subject matter expertise in the following domains."
DOC-0290,Deliverable Report,The Technical Design Document provides detailed specifications for the proposed system. This Monthly Status Report covers activities completed during the reporting period in accordance with applicable regulations. This Data Management Plan describes how data will be collected stored and protected in accordance with applicable regulations.
DOC-0117,SOW,"All deliverables shall be submitted in accordance with the Contract Deliverable Requirements List, including all associated documentation. The contractor is responsible for delivering the following tasks and deliverables in accordance with applicable regulations. The contractor shall support data collection analysis and reporting activities per the approved project plan. The contractor shall provide program management support services including."
DOC-0037,RFP,"The Government is soliciting proposals for professional services in support of. Offerors must demonstrate technical capability and relevant past performance in accordance with applicable regulations. Section L of this solicitation provides instructions for proposal preparation, as required by the contract. Proposals shall address all requirements outlined in the Performance Work Statement, as required by the contract."
DOC-0218,Invoice,"The contractor hereby submits this invoice for payment of labor hours incurred. Direct labor costs billed at the negotiated fixed hourly rates per the contract in accordance with applicable regulations. Backup documentation including timesheets and receipts is attached to this invoice, including all associated documentation. Indirect costs including overhead and general and administrative expenses are billed per the approved project plan. Invoices must be submitted via the Wide Area Workflow electronic invoicing system in accordance with applicable regulations."
DOC-0074,SOW,"Work shall be performed on-site at the Government facility located in in accordance with applicable regulations. The contractor shall support data collection analysis and reporting activities, including all associated documentation. Task 1: Program Planning and Coordination — the contractor shall develop per the approved project plan. The contractor shall provide subject matter expertise in the following domains, including all associated documentation."
DOC-0045,RFP,The base period of performance is 12 months with four option years in accordance with applicable regulations. Offerors must demonstrate technical capability and relevant past performance. The Government is soliciting proposals for professional services in support of per the approved project plan. All proposals must be submitted electronically via the SAM.gov portal per the approved project plan. Offerors are invited to submit technical and price proposals for.
DOC-0341,Compliance Document,"Section 508 compliance testing confirms the system meets accessibility requirements, as required by the contract. Data handling procedures comply with the Federal Information Security Modernization Act in accordance with applicable regulations. This FedRAMP authorization package demonstrates compliance with NIST SP 800-53 controls per the approved project plan. This System Security Plan describes the security controls implemented for the information system, as required by the contract."
DOC-0158,Contract Modification,"All other terms and conditions of the contract remain unchanged and in full force in accordance with applicable regulations. This change order modifies the statement of work to include additional tasks, including all associated documentation. The contractor acknowledges receipt of this modification and agrees to the changes, as required by the contract."
DOC-0270,Deliverable Report,"This Data Management Plan describes how data will be collected stored and protected, including all associated documentation. The Program Management Review slide deck summarizes progress against the integrated master schedule, including all associated documentation. This Risk Register identifies mitigation strategies for the top program risks, including all associated documentation."
DOC-0372,Compliance Document,Section 508 compliance testing confirms the system meets accessibility requirements in accordance with applicable regulations. This Authority to Operate is granted based on an acceptable level of residual risk per the approved project plan. This System Security Plan describes the security controls implemented for the information system in accordance with applicable regulations. The contractor certifies compliance with the Buy American Act and Trade Agreements Act per the approved project plan.
DOC-0217,Invoice,"The invoice total reflects labor materials and other direct costs for the billing period per the approved project plan. Backup documentation including timesheets and receipts is attached to this invoice, including all associated documentation. This is a cost-plus-fixed-fee invoice submitted for reimbursement of allowable costs per the approved project plan. Payment is requested within 30 days of receipt per the prompt payment terms in accordance with applicable regulations."
DOC-0071,SOW,"The contractor shall provide subject matter expertise in the following domains. The contractor shall maintain an integrated master schedule and report status weekly, as required by the contract. The contractor shall provide technical writing and documentation support, including all associated documentation."
DOC-0368,Compliance Document,"The Supply Chain Risk Management Plan addresses third-party hardware and software risks in accordance with applicable regulations. The contractor certifies compliance with the Buy American Act and Trade Agreements Act in accordance with applicable regulations. This Authority to Operate is granted based on an acceptable level of residual risk. The contractor must submit annual compliance certifications including ethics and conflict of interest, including all associated documentation. Section 508 compliance testing confirms the system meets accessibility requirements in accordance with applicable regulations."
DOC-0047,RFP,"All proposals must be submitted electronically via the SAM.gov portal, including all associated documentation. Offerors must demonstrate technical capability and relevant past performance. The proposal evaluation criteria include technical approach, management, and price, as required by the contract. Proposals shall address all requirements outlined in the Performance Work Statement."
DOC-0226,Invoice,"This invoice covers the period of performance from the first through the last day, as required by the contract. Direct labor costs billed at the negotiated fixed hourly rates per the contract, including all associated documentation. Travel expenses incurred in direct support of contract performance are included per the approved project plan. Subcontractor costs as authorized under the contract are included on this invoice, including all associated documentation."
DOC-0065,SOW,"The contractor shall not disclose any sensitive information obtained during performance per the approved project plan. The contractor shall provide technical writing and documentation support, including all associated documentation. Task 1: Program Planning and Coordination — the contractor shall develop, as required by the contract. Work shall be performed on-site at the Government facility located in in accordance with applicable regulations."
DOC-0054,RFP,"This Request for Proposal covers information technology services including per the approved project plan. All proposals must be submitted electronically via the SAM.gov portal, as required by the contract. The proposal evaluation criteria include technical approach, management, and price in accordance with applicable regulations. Proposals shall address all requirements outlined in the Performance Work Statement, as required by the contract. Offerors must demonstrate technical capability and relevant past performance, including all associated documentation."
DOC-0206,Invoice,"The contractor hereby submits this invoice for payment of labor hours incurred in accordance with applicable regulations. Invoices must be submitted via the Wide Area Workflow electronic invoicing system per the approved project plan. This invoice covers the period of performance from the first through the last day. The invoice total reflects labor materials and other direct costs for the billing period, including all associated documentation."
DOC-0275,Deliverable Report,"The Program Management Review slide deck summarizes progress against the integrated master schedule in accordance with applicable regulations. The Corrective Action Plan addresses deficiencies identified during the performance review per the approved project plan. This Risk Register identifies mitigation strategies for the top program risks, including all associated documentation. The Technical Design Document provides detailed specifications for the proposed system. The Configuration Management Plan governs version control and change control procedures per the approved project plan."
DOC-0155,Contract Modification,"The delivery schedule is modified to reflect the revised completion date. The purpose of this modification is to extend the period of performance by per the approved project plan. The total obligated amount is hereby increased from the original contract value, as required by the contract. This bilateral modification is agreed to by both parties and incorporated herein, as required by the contract."
DOC-0009,RFP,"All proposals must be submitted electronically via the SAM.gov portal per the approved project plan. The Government intends to award a single Indefinite Delivery Indefinite Quantity contract, as required by the contract. Offerors are invited to submit technical and price proposals for per the approved project plan. Offerors shall provide a detailed staffing plan and key personnel resumes. This Request for Proposal covers information technology services including, as required by the contract."
DOC-0069,SOW,"The contractor shall maintain an integrated master schedule and report status weekly. The contractor is responsible for delivering the following tasks and deliverables. All deliverables shall be submitted in accordance with the Contract Deliverable Requirements List per the approved project plan. The contractor shall provide program management support services including, as required by the contract."
DOC-0087,SOW,"The contractor shall conduct quarterly performance reviews and submit written reports, as required by the contract. The contractor shall not disclose any sensitive information obtained during performance per the approved project plan. The contractor is responsible for delivering the following tasks and deliverables. The contractor shall support data collection analysis and reporting activities, including all associated documentation."
DOC-0052,RFP,"Section L of this solicitation provides instructions for proposal preparation. The base period of performance is 12 months with four option years. Offerors shall provide a detailed staffing plan and key personnel resumes, including all associated documentation. Proposals shall address all requirements outlined in the Performance Work Statement, including all associated documentation."
DOC-0191,Contract Modification,"This unilateral modification is issued pursuant to FAR clause 52.243-1, including all associated documentation. All other terms and conditions of the contract remain unchanged and in full force, as required by the contract. The contractor acknowledges receipt of this modification and agrees to the changes, as required by the contract. Modification P00003 deobligates funds and reduces the total contract ceiling, including all associated documentation."
DOC-0084,SOW,"All deliverables shall be submitted in accordance with the Contract Deliverable Requirements List. The contractor shall provide subject matter expertise in the following domains. The contractor is responsible for delivering the following tasks and deliverables, including all associated documentation. The contractor shall provide program management support services including per the approved project plan."
DOC-0002,RFP,"The Government intends to award a single Indefinite Delivery Indefinite Quantity contract in accordance with applicable regulations. This Request for Proposal covers information technology services including, as required by the contract. The base period of performance is 12 months with four option years in accordance with applicable regulations. The contracting officer anticipates award of a firm-fixed-price contract for. The proposal evaluation criteria include technical approach, management, and price in accordance with applicable regulations."
DOC-0328,Compliance Document,"This Cybersecurity Maturity Model Certification assessment covers all required practices. This Authority to Operate is granted based on an acceptable level of residual risk, including all associated documentation. The contractor must submit annual compliance certifications including ethics and conflict of interest, including all associated documentation."
DOC-0286,Deliverable Report,The Program Management Review slide deck summarizes progress against the integrated master schedule in accordance with applicable regulations. The Configuration Management Plan governs version control and change control procedures in accordance with applicable regulations. This Weekly Activity Report summarizes tasks completed issues encountered and planned work per the approved project plan. The Technical Design Document provides detailed specifications for the proposed system.
DOC-0022,RFP,The base period of performance is 12 months with four option years. Offerors shall provide a detailed staffing plan and key personnel resumes. The Government intends to award a single Indefinite Delivery Indefinite Quantity contract in accordance with applicable regulations.
DOC-0120,SOW,"The Period of Performance for this task order is from date of award through per the approved project plan. The contractor shall support data collection analysis and reporting activities, including all associated documentation. The contractor shall conduct quarterly performance reviews and submit written reports. The contractor shall provide program management support services including per the approved project plan."
DOC-0189,Contract Modification,"The delivery schedule is modified to reflect the revised completion date in accordance with applicable regulations. This bilateral modification is agreed to by both parties and incorporated herein in accordance with applicable regulations. The purpose of this modification is to extend the period of performance by in accordance with applicable regulations. This unilateral modification is issued pursuant to FAR clause 52.243-1, as required by the contract. The contractor acknowledges receipt of this modification and agrees to the changes, including all associated documentation."
DOC-0137,Contract Modification,This modification is issued to incorporate the following changes to the contract in accordance with applicable regulations. The total obligated amount is hereby increased from the original contract value per the approved project plan. This unilateral modification is issued pursuant to FAR clause 52.243-1. The contract is hereby modified to add the following contract line items in accordance with applicable regulations.
DOC-0349,Compliance Document,"This Authority to Operate is granted based on an acceptable level of residual risk, including all associated documentation. The Continuity of Operations Plan ensures mission-critical functions during disruptions in accordance with applicable regulations. Data handling procedures comply with the Federal Information Security Modernization Act. This FedRAMP authorization package demonstrates compliance with NIST SP 800-53 controls, as required by the contract."
DOC-0306,Deliverable Report,"The Transition Plan outlines steps for knowledge transfer to the incoming contractor. This After-Action Report documents findings and lessons learned from the exercise in accordance with applicable regulations. This Data Management Plan describes how data will be collected stored and protected, as required by the contract. The Configuration Management Plan governs version control and change control procedures, including all associated documentation."
DOC-0244,Invoice,"Travel expenses incurred in direct support of contract performance are included. Indirect costs including overhead and general and administrative expenses are billed, as required by the contract. The contractor hereby submits this invoice for payment of labor hours incurred in accordance with applicable regulations. Backup documentation including timesheets and receipts is attached to this invoice, as required by the contract. The invoice total reflects labor materials and other direct costs for the billing period in accordance with applicable regulations."
DOC-0175,Contract Modification,"Modification P00003 deobligates funds and reduces the total contract ceiling, including all associated documentation. Modification P00001 adds the following scope to the existing task order per the approved project plan. This change order modifies the statement of work to include additional tasks in accordance with applicable regulations. The purpose of this modification is to extend the period of performance by, as required by the contract. This unilateral modification is issued pursuant to FAR clause 52.243-1 per the approved project plan."
DOC-0043,RFP,The Government intends to award a single Indefinite Delivery Indefinite Quantity contract in accordance with applicable regulations. This Request for Proposal covers information technology services including per the approved project plan. The contracting officer anticipates award of a firm-fixed-price contract for in accordance with applicable regulations.
DOC-0051,RFP,"Offerors are invited to submit technical and price proposals for per the approved project plan. The contracting officer anticipates award of a firm-fixed-price contract for per the approved project plan. Proposals shall address all requirements outlined in the Performance Work Statement, as required by the contract. Offerors shall provide a detailed staffing plan and key personnel resumes. The proposal evaluation criteria include technical approach, management, and price."
DOC-0147,Contract Modification,The total obligated amount is hereby increased from the original contract value in accordance with applicable regulations. The contractor acknowledges receipt of this modification and agrees to the changes in accordance with applicable regulations. This bilateral modification is agreed to by both parties and incorporated herein in accordance with applicable regulations.
DOC-0167,Contract Modification,"This bilateral modification is agreed to by both parties and incorporated herein. This change order modifies the statement of work to include additional tasks per the approved project plan. Modification P00003 deobligates funds and reduces the total contract ceiling, including all associated documentation. The delivery schedule is modified to reflect the revised completion date."
DOC-0173,Contract Modification,"This unilateral modification is issued pursuant to FAR clause 52.243-1 in accordance with applicable regulations. This modification is issued to incorporate the following changes to the contract, including all associated documentation. The total obligated amount is hereby increased from the original contract value per the approved project plan. This change order modifies the statement of work to include additional tasks in accordance with applicable regulations."
DOC-0061,SOW,"The contractor shall provide technical writing and documentation support. The contractor shall provide subject matter expertise in the following domains, including all associated documentation. The contractor shall maintain an integrated master schedule and report status weekly, including all associated documentation. The contractor shall not disclose any sensitive information obtained during performance per the approved project plan. The contractor shall provide program management support services including."
DOC-0318,Compliance Document,"The Privacy Impact Assessment evaluates risks to personally identifiable information, including all associated documentation. The Contractor must comply with all applicable Federal Acquisition Regulation clauses, including all associated documentation. This Authority to Operate is granted based on an acceptable level of residual risk per the approved project plan. This System Security Plan describes the security controls implemented for the information system."
DOC-0325,Compliance Document,"The contractor certifies compliance with the Buy American Act and Trade Agreements Act, including all associated documentation. The Continuity of Operations Plan ensures mission-critical functions during disruptions in accordance with applicable regulations. This FedRAMP authorization package demonstrates compliance with NIST SP 800-53 controls, as required by the contract."
DOC-0127,Contract Modification,"Modification P00001 adds the following scope to the existing task order, including all associated documentation. The total obligated amount is hereby increased from the original contract value in accordance with applicable regulations. This change order modifies the statement of work to include additional tasks per the approved project plan."
DOC-0153,Contract Modification,"This change order modifies the statement of work to include additional tasks. Modification P00003 deobligates funds and reduces the total contract ceiling in accordance with applicable regulations. This modification is issued to incorporate the following changes to the contract in accordance with applicable regulations. The total obligated amount is hereby increased from the original contract value, including all associated documentation. The contractor acknowledges receipt of this modification and agrees to the changes in accordance with applicable regulations."
DOC-0314,Deliverable Report,"This Monthly Status Report covers activities completed during the reporting period, including all associated documentation. The Corrective Action Plan addresses deficiencies identified during the performance review, including all associated documentation. The Technical Design Document provides detailed specifications for the proposed system, including all associated documentation. This Data Management Plan describes how data will be collected stored and protected in accordance with applicable regulations."
DOC-0146,Contract Modification,"This bilateral modification is agreed to by both parties and incorporated herein, as required by the contract. The total obligated amount is hereby increased from the original contract value per the approved project plan. The delivery schedule is modified to reflect the revised completion date, as required by the contract. The contractor acknowledges receipt of this modification and agrees to the changes in accordance with applicable regulations. This modification is issued to incorporate the following changes to the contract per the approved project plan."
DOC-0284,Deliverable Report,"This Data Management Plan describes how data will be collected stored and protected, including all associated documentation. The Final Report presents conclusions and recommendations based on the analysis conducted per the approved project plan. The Configuration Management Plan governs version control and change control procedures. The Transition Plan outlines steps for knowledge transfer to the incoming contractor in accordance with applicable regulations."
DOC-0210,Invoice,"Direct labor costs billed at the negotiated fixed hourly rates per the contract in accordance with applicable regulations. Subcontractor costs as authorized under the contract are included on this invoice, as required by the contract. Travel expenses incurred in direct support of contract performance are included. The contractor hereby submits this invoice for payment of labor hours incurred. This is a cost-plus-fixed-fee invoice submitted for reimbursement of allowable costs."
DOC-0123,SOW,"The contractor shall provide subject matter expertise in the following domains, as required by the contract. The Period of Performance for this task order is from date of award through in accordance with applicable regulations. The contractor is responsible for delivering the following tasks and deliverables in accordance with applicable regulations. The contractor shall provide technical writing and documentation support per the approved project plan. Task 1: Program Planning and Coordination — the contractor shall develop in accordance with applicable regulations."
DOC-0296,Deliverable Report,This Risk Register identifies mitigation strategies for the top program risks per the approved project plan. The Transition Plan outlines steps for knowledge transfer to the incoming contractor in accordance with applicable regulations. This Monthly Status Report covers activities completed during the reporting period in accordance with applicable regulations. This Weekly Activity Report summarizes tasks completed issues encountered and planned work.
DOC-0072,SOW,"The contractor shall support data collection analysis and reporting activities. Task 1: Program Planning and Coordination — the contractor shall develop per the approved project plan. The contractor shall maintain an integrated master schedule and report status weekly, including all associated documentation. The Period of Performance for this task order is from date of award through in accordance with applicable regulations. The contractor shall provide subject matter expertise in the following domains per the approved project plan."
DOC-0342,Compliance Document,"Section 508 compliance testing confirms the system meets accessibility requirements, including all associated documentation. This FedRAMP authorization package demonstrates compliance with NIST SP 800-53 controls in accordance with applicable regulations. The contractor must submit annual compliance certifications including ethics and conflict of interest. The Continuity of Operations Plan ensures mission-critical functions during disruptions in accordance with applicable regulations. The Contractor must comply with all applicable Federal Acquisition Regulation clauses in accordance with applicable regulations."
DOC-0359,Compliance Document,"This Authority to Operate is granted based on an acceptable level of residual risk, including all associated documentation. The Continuity of Operations Plan ensures mission-critical functions during disruptions. The Supply Chain Risk Management Plan addresses third-party hardware and software risks."
DOC-0234,Invoice,"This invoice covers the period of performance from the first through the last day, including all associated documentation. Payment is requested within 30 days of receipt per the prompt payment terms, including all associated documentation. Indirect costs including overhead and general and administrative expenses are billed, including all associated documentation. Direct labor costs billed at the negotiated fixed hourly rates per the contract, including all associated documentation. The contractor hereby submits this invoice for payment of labor hours incurred in accordance with applicable regulations."
DOC-0205,Invoice,"Direct labor costs billed at the negotiated fixed hourly rates per the contract, as required by the contract. Subcontractor costs as authorized under the contract are included on this invoice, as required by the contract. The contractor hereby submits this invoice for payment of labor hours incurred, including all associated documentation. This invoice covers the period of performance from the first through the last day in accordance with applicable regulations."
DOC-0238,Invoice,"The invoice total reflects labor materials and other direct costs for the billing period. This is a cost-plus-fixed-fee invoice submitted for reimbursement of allowable costs, including all associated documentation. This invoice covers the period of performance from the first through the last day, including all associated documentation. Payment is requested within 30 days of receipt per the prompt payment terms, as required by the contract."
DOC-0028,RFP,"The base period of performance is 12 months with four option years, as required by the contract. All proposals must be submitted electronically via the SAM.gov portal per the approved project plan. This Request for Proposal covers information technology services including, including all associated documentation. The contracting officer anticipates award of a firm-fixed-price contract for, as required by the contract. Offerors must demonstrate technical capability and relevant past performance, including all associated documentation."
DOC-0363,Compliance Document,This Authority to Operate is granted based on an acceptable level of residual risk. The contractor certifies compliance with the Buy American Act and Trade Agreements Act per the approved project plan. The Continuity of Operations Plan ensures mission-critical functions during disruptions.
DOC-0126,Contract Modification,"This modification is issued to incorporate the following changes to the contract in accordance with applicable regulations. The contractor acknowledges receipt of this modification and agrees to the changes. This change order modifies the statement of work to include additional tasks. This unilateral modification is issued pursuant to FAR clause 52.243-1, as required by the contract."
DOC-0090,SOW,"The contractor shall provide subject matter expertise in the following domains, as required by the contract. The contractor shall maintain an integrated master schedule and report status weekly. The contractor shall conduct quarterly performance reviews and submit written reports, including all associated documentation. Work shall be performed on-site at the Government facility located in. The contractor shall support data collection analysis and reporting activities, including all associated documentation."
DOC-0344,Compliance Document,"This System Security Plan describes the security controls implemented for the information system. Section 508 compliance testing confirms the system meets accessibility requirements in accordance with applicable regulations. This Authority to Operate is granted based on an acceptable level of residual risk, as required by the contract. The Supply Chain Risk Management Plan addresses third-party hardware and software risks per the approved project plan. The Continuity of Operations Plan ensures mission-critical functions during disruptions per the approved project plan."
DOC-0027,RFP,"Proposals shall address all requirements outlined in the Performance Work Statement. The Government intends to award a single Indefinite Delivery Indefinite Quantity contract, including all associated documentation. The contracting officer anticipates award of a firm-fixed-price contract for per the approved project plan."
DOC-0193,Contract Modification,"The purpose of this modification is to extend the period of performance by. Modification P00001 adds the following scope to the existing task order, including all associated documentation. All other terms and conditions of the contract remain unchanged and in full force, as required by the contract. The delivery schedule is modified to reflect the revised completion date, as required by the contract."
DOC-0030,RFP,"The base period of performance is 12 months with four option years, as required by the contract. The contracting officer anticipates award of a firm-fixed-price contract for, including all associated documentation. The proposal evaluation criteria include technical approach, management, and price, including all associated documentation. The Government is soliciting proposals for professional services in support of, as required by the contract."
DOC-0369,Compliance Document,"This System Security Plan describes the security controls implemented for the information system in accordance with applicable regulations. The contractor must submit annual compliance certifications including ethics and conflict of interest per the approved project plan. The Supply Chain Risk Management Plan addresses third-party hardware and software risks, as required by the contract. The Continuity of Operations Plan ensures mission-critical functions during disruptions."
DOC-0025,RFP,"The Government is soliciting proposals for professional services in support of. All proposals must be submitted electronically via the SAM.gov portal. Proposals shall address all requirements outlined in the Performance Work Statement per the approved project plan. The proposal evaluation criteria include technical approach, management, and price in accordance with applicable regulations."
DOC-0125,Contract Modification,"The contract is hereby modified to add the following contract line items, as required by the contract. This unilateral modification is issued pursuant to FAR clause 52.243-1. The contractor acknowledges receipt of this modification and agrees to the changes per the approved project plan. The delivery schedule is modified to reflect the revised completion date, as required by the contract. The purpose of this modification is to extend the period of performance by in accordance with applicable regulations."
DOC-0247,Invoice,"The invoice total reflects labor materials and other direct costs for the billing period, as required by the contract. Invoice Number INV-2024-0451 for professional services rendered during the period per the approved project plan. This is a cost-plus-fixed-fee invoice submitted for reimbursement of allowable costs."
DOC-0113,SOW,The contractor shall not disclose any sensitive information obtained during performance. The Period of Performance for this task order is from date of award through per the approved project plan. Work shall be performed on-site at the Government facility located in per the approved project plan.
DOC-0100,SOW,"The contractor shall provide technical writing and documentation support in accordance with applicable regulations. The contractor shall provide program management support services including per the approved project plan. All deliverables shall be submitted in accordance with the Contract Deliverable Requirements List, as required by the contract. The contractor is responsible for delivering the following tasks and deliverables in accordance with applicable regulations. The contractor shall conduct quarterly performance reviews and submit written reports, including all associated documentation."
DOC-0260,Deliverable Report,This Monthly Status Report covers activities completed during the reporting period in accordance with applicable regulations. This Risk Register identifies mitigation strategies for the top program risks. This Quality Assurance Surveillance Plan establishes the surveillance methodology per the approved project plan. This After-Action Report documents findings and lessons learned from the exercise. The Final Report presents conclusions and recommendations based on the analysis conducted per the approved project plan.
DOC-0351,Compliance Document,"The Continuity of Operations Plan ensures mission-critical functions during disruptions, as required by the contract. The contractor certifies compliance with the Buy American Act and Trade Agreements Act per the approved project plan. This Cybersecurity Maturity Model Certification assessment covers all required practices."
DOC-0285,Deliverable Report,"The Configuration Management Plan governs version control and change control procedures, as required by the contract. This After-Action Report documents findings and lessons learned from the exercise in accordance with applicable regulations. This Quality Assurance Surveillance Plan establishes the surveillance methodology. This Data Management Plan describes how data will be collected stored and protected per the approved project plan. The Corrective Action Plan addresses deficiencies identified during the performance review."
DOC-0162,Contract Modification,"The contract is hereby modified to add the following contract line items per the approved project plan. This modification is issued to incorporate the following changes to the contract, including all associated documentation. The contractor acknowledges receipt of this modification and agrees to the changes, including all associated documentation. The total obligated amount is hereby increased from the original contract value."
DOC-0346,Compliance Document,"This Cybersecurity Maturity Model Certification assessment covers all required practices, as required by the contract. The Privacy Impact Assessment evaluates risks to personally identifiable information per the approved project plan. The contractor certifies compliance with the Buy American Act and Trade Agreements Act."
DOC-0130,Contract Modification,"The total obligated amount is hereby increased from the original contract value in accordance with applicable regulations. Modification P00001 adds the following scope to the existing task order, including all associated documentation. This bilateral modification is agreed to by both parties and incorporated herein in accordance with applicable regulations. This modification is issued to incorporate the following changes to the contract in accordance with applicable regulations. Modification P00003 deobligates funds and reduces the total contract ceiling, as required by the contract."
DOC-0152,Contract Modification,"This change order modifies the statement of work to include additional tasks, including all associated documentation. Modification P00003 deobligates funds and reduces the total contract ceiling in accordance with applicable regulations. This unilateral modification is issued pursuant to FAR clause 52.243-1, including all associated documentation."
DOC-0021,RFP,"The Government is soliciting proposals for professional services in support of. The proposal evaluation criteria include technical approach, management, and price, as required by the contract. The contracting officer anticipates award of a firm-fixed-price contract for in accordance with applicable regulations. Offerors must demonstrate technical capability and relevant past performance, as required by the contract. Offerors shall provide a detailed staffing plan and key personnel resumes in accordance with applicable regulations."
DOC-0176,Contract Modification,"This bilateral modification is agreed to by both parties and incorporated herein, including all associated documentation. This modification is issued to incorporate the following changes to the contract. The purpose of this modification is to extend the period of performance by in accordance with applicable regulations."
DOC-0056,RFP,"The proposal evaluation criteria include technical approach, management, and price. The Government intends to award a single Indefinite Delivery Indefinite Quantity contract, including all associated documentation. The Government is soliciting proposals for professional services in support of, including all associated documentation. Offerors must demonstrate technical capability and relevant past performance in accordance with applicable regulations. Offerors are invited to submit technical and price proposals for, as required by the contract."
DOC-0015,RFP,"The proposal evaluation criteria include technical approach, management, and price per the approved project plan. The contracting officer anticipates award of a firm-fixed-price contract for per the approved project plan. Offerors must demonstrate technical capability and relevant past performance, including all associated documentation."
DOC-0303,Deliverable Report,"This After-Action Report documents findings and lessons learned from the exercise, including all associated documentation. The Program Management Review slide deck summarizes progress against the integrated master schedule, as required by the contract. The Transition Plan outlines steps for knowledge transfer to the incoming contractor, as required by the contract. The Technical Design Document provides detailed specifications for the proposed system, as required by the contract. The Configuration Management Plan governs version control and change control procedures, including all associated documentation."
DOC-0288,Deliverable Report,"The Technical Design Document provides detailed specifications for the proposed system, including all associated documentation. The Program Management Review slide deck summarizes progress against the integrated master schedule. The Final Report presents conclusions and recommendations based on the analysis conducted, including all associated documentation."
DOC-0248,Invoice,"Direct labor costs billed at the negotiated fixed hourly rates per the contract, including all associated documentation. Payment is requested within 30 days of receipt per the prompt payment terms, as required by the contract. Subcontractor costs as authorized under the contract are included on this invoice per the approved project plan. The invoice total reflects labor materials and other direct costs for the billing period, as required by the contract."
DOC-0329,Compliance Document,Data handling procedures comply with the Federal Information Security Modernization Act per the approved project plan. The Privacy Impact Assessment evaluates risks to personally identifiable information. Section 508 compliance testing confirms the system meets accessibility requirements. The Supply Chain Risk Management Plan addresses third-party hardware and software risks.
DOC-0107,SOW,The contractor shall conduct quarterly performance reviews and submit written reports per the approved project plan. All deliverables shall be submitted in accordance with the Contract Deliverable Requirements List per the approved project plan. The contractor shall provide program management support services including.
DOC-0335,Compliance Document,"This Cybersecurity Maturity Model Certification assessment covers all required practices, as required by the contract. The Supply Chain Risk Management Plan addresses third-party hardware and software risks in accordance with applicable regulations. Section 508 compliance testing confirms the system meets accessibility requirements per the approved project plan. The Privacy Impact Assessment evaluates risks to personally identifiable information, including all associated documentation. The Continuity of Operations Plan ensures mission-critical functions during disruptions, including all associated documentation."
DOC-0059,RFP,The contracting officer anticipates award of a firm-fixed-price contract for in accordance with applicable regulations. The Government intends to award a single Indefinite Delivery Indefinite Quantity contract per the approved project plan. All proposals must be submitted electronically via the SAM.gov portal in accordance with applicable regulations. This Request for Proposal covers information technology services including.
DOC-0142,Contract Modification,"The contractor acknowledges receipt of this modification and agrees to the changes in accordance with applicable regulations. All other terms and conditions of the contract remain unchanged and in full force. The total obligated amount is hereby increased from the original contract value, as required by the contract. The delivery schedule is modified to reflect the revised completion date, including all associated documentation."
DOC-0198,Invoice,"Payment is requested within 30 days of receipt per the prompt payment terms. The contractor hereby submits this invoice for payment of labor hours incurred. Subcontractor costs as authorized under the contract are included on this invoice, as required by the contract."
DOC-0250,Invoice,Travel expenses incurred in direct support of contract performance are included. Invoices must be submitted via the Wide Area Workflow electronic invoicing system. Indirect costs including overhead and general and administrative expenses are billed.
DOC-0101,SOW,"All deliverables shall be submitted in accordance with the Contract Deliverable Requirements List. The contractor shall provide subject matter expertise in the following domains per the approved project plan. The contractor shall support data collection analysis and reporting activities per the approved project plan. The contractor shall not disclose any sensitive information obtained during performance, including all associated documentation."
DOC-0192,Contract Modification,"This change order modifies the statement of work to include additional tasks per the approved project plan. The contract is hereby modified to add the following contract line items in accordance with applicable regulations. Modification P00001 adds the following scope to the existing task order, as required by the contract. This bilateral modification is agreed to by both parties and incorporated herein. All other terms and conditions of the contract remain unchanged and in full force, including all associated documentation."
DOC-0050,RFP,"Proposals shall address all requirements outlined in the Performance Work Statement. Offerors must demonstrate technical capability and relevant past performance per the approved project plan. The base period of performance is 12 months with four option years in accordance with applicable regulations. Section L of this solicitation provides instructions for proposal preparation in accordance with applicable regulations. The Government intends to award a single Indefinite Delivery Indefinite Quantity contract, as required by the contract."
DOC-0182,Contract Modification,"This unilateral modification is issued pursuant to FAR clause 52.243-1 per the approved project plan. The delivery schedule is modified to reflect the revised completion date. Modification P00003 deobligates funds and reduces the total contract ceiling. This modification is issued to incorporate the following changes to the contract, including all associated documentation."
DOC-0136,Contract Modification,"This bilateral modification is agreed to by both parties and incorporated herein, as required by the contract. The purpose of this modification is to extend the period of performance by. This change order modifies the statement of work to include additional tasks, including all associated documentation."
DOC-0119,SOW,"The contractor is responsible for delivering the following tasks and deliverables per the approved project plan. The contractor shall not disclose any sensitive information obtained during performance, as required by the contract. The Period of Performance for this task order is from date of award through, including all associated documentation. Task 1: Program Planning and Coordination — the contractor shall develop, including all associated documentation."
DOC-0104,SOW,The contractor shall maintain an integrated master schedule and report status weekly. The contractor shall provide program management support services including per the approved project plan. The contractor shall not disclose any sensitive information obtained during performance per the approved project plan.
DOC-0145,Contract Modification,"The total obligated amount is hereby increased from the original contract value. Modification P00001 adds the following scope to the existing task order, as required by the contract. The delivery schedule is modified to reflect the revised completion date. All other terms and conditions of the contract remain unchanged and in full force, including all associated documentation."
DOC-0064,SOW,"The contractor shall conduct quarterly performance reviews and submit written reports. The contractor shall not disclose any sensitive information obtained during performance, as required by the contract. The contractor shall support data collection analysis and reporting activities, including all associated documentation. The contractor shall provide technical writing and documentation support in accordance with applicable regulations. The contractor shall maintain an integrated master schedule and report status weekly in accordance with applicable regulations."
DOC-0067,SOW,"The contractor shall maintain an integrated master schedule and report status weekly, as required by the contract. Work shall be performed on-site at the Government facility located in per the approved project plan. The contractor shall provide technical writing and documentation support. The Period of Performance for this task order is from date of award through in accordance with applicable regulations."
DOC-0012,RFP,"The base period of performance is 12 months with four option years, including all associated documentation. Section L of this solicitation provides instructions for proposal preparation in accordance with applicable regulations. This Request for Proposal covers information technology services including, as required by the contract. Offerors shall provide a detailed staffing plan and key personnel resumes per the approved project plan. All proposals must be submitted electronically via the SAM.gov portal, including all associated documentation."
DOC-0017,RFP,"Section L of this solicitation provides instructions for proposal preparation, including all associated documentation. All proposals must be submitted electronically via the SAM.gov portal, as required by the contract. This Request for Proposal covers information technology services including, as required by the contract."
DOC-0202,Invoice,"Payment is requested within 30 days of receipt per the prompt payment terms. The contractor hereby submits this invoice for payment of labor hours incurred, including all associated documentation. Invoices must be submitted via the Wide Area Workflow electronic invoicing system, as required by the contract."
DOC-0254,Deliverable Report,"The Final Report presents conclusions and recommendations based on the analysis conducted, including all associated documentation. The Transition Plan outlines steps for knowledge transfer to the incoming contractor, including all associated documentation. This Weekly Activity Report summarizes tasks completed issues encountered and planned work per the approved project plan."
DOC-0103,SOW,All deliverables shall be submitted in accordance with the Contract Deliverable Requirements List in accordance with applicable regulations. The contractor shall support data collection analysis and reporting activities. The contractor shall not disclose any sensitive information obtained during performance in accordance with applicable regulations.
DOC-0370,Compliance Document,"The Supply Chain Risk Management Plan addresses third-party hardware and software risks. The contractor certifies compliance with the Buy American Act and Trade Agreements Act per the approved project plan. This Cybersecurity Maturity Model Certification assessment covers all required practices, as required by the contract. Data handling procedures comply with the Federal Information Security Modernization Act per the approved project plan. The Continuity of Operations Plan ensures mission-critical functions during disruptions in accordance with applicable regulations."
DOC-0338,Compliance Document,"Section 508 compliance testing confirms the system meets accessibility requirements. The Privacy Impact Assessment evaluates risks to personally identifiable information, as required by the contract. The Continuity of Operations Plan ensures mission-critical functions during disruptions, including all associated documentation. This System Security Plan describes the security controls implemented for the information system per the approved project plan. The Supply Chain Risk Management Plan addresses third-party hardware and software risks, as required by the contract."
DOC-0371,Compliance Document,"The Supply Chain Risk Management Plan addresses third-party hardware and software risks, including all associated documentation. This FedRAMP authorization package demonstrates compliance with NIST SP 800-53 controls per the approved project plan. This System Security Plan describes the security controls implemented for the information system per the approved project plan. The contractor must submit annual compliance certifications including ethics and conflict of interest, including all associated documentation."
DOC-0232,Invoice,"The contractor hereby submits this invoice for payment of labor hours incurred in accordance with applicable regulations. Backup documentation including timesheets and receipts is attached to this invoice, including all associated documentation. Subcontractor costs as authorized under the contract are included on this invoice per the approved project plan."
DOC-0156,Contract Modification,"All other terms and conditions of the contract remain unchanged and in full force, as required by the contract. Modification P00001 adds the following scope to the existing task order per the approved project plan. This change order modifies the statement of work to include additional tasks per the approved project plan. The delivery schedule is modified to reflect the revised completion date, as required by the contract."
DOC-0129,Contract Modification,This unilateral modification is issued pursuant to FAR clause 52.243-1 in accordance with applicable regulations. The contract is hereby modified to add the following contract line items. This change order modifies the statement of work to include additional tasks per the approved project plan. The total obligated amount is hereby increased from the original contract value.
DOC-0208,Invoice,"Subcontractor costs as authorized under the contract are included on this invoice per the approved project plan. Invoices must be submitted via the Wide Area Workflow electronic invoicing system, including all associated documentation. Travel expenses incurred in direct support of contract performance are included, including all associated documentation. The contractor hereby submits this invoice for payment of labor hours incurred per the approved project plan. Payment is requested within 30 days of receipt per the prompt payment terms, as required by the contract."
DOC-0076,SOW,"The contractor shall conduct quarterly performance reviews and submit written reports per the approved project plan. Work shall be performed on-site at the Government facility located in per the approved project plan. The contractor shall support data collection analysis and reporting activities, as required by the contract. The contractor shall not disclose any sensitive information obtained during performance per the approved project plan."
DOC-0280,Deliverable Report,"The Configuration Management Plan governs version control and change control procedures. The Technical Design Document provides detailed specifications for the proposed system. The Final Report presents conclusions and recommendations based on the analysis conducted, including all associated documentation. This Monthly Status Report covers activities completed during the reporting period. This Quality Assurance Surveillance Plan establishes the surveillance methodology in accordance with applicable regulations."
DOC-0332,Compliance Document,"This System Security Plan describes the security controls implemented for the information system per the approved project plan. This Authority to Operate is granted based on an acceptable level of residual risk. The contractor must submit annual compliance certifications including ethics and conflict of interest, including all associated documentation. The contractor certifies compliance with the Buy American Act and Trade Agreements Act, as required by the contract. This Cybersecurity Maturity Model Certification assessment covers all required practices, as required by the contract."
DOC-0302,Deliverable Report,This Quality Assurance Surveillance Plan establishes the surveillance methodology in accordance with applicable regulations. The Program Management Review slide deck summarizes progress against the integrated master schedule. This Data Management Plan describes how data will be collected stored and protected.
DOC-0333,Compliance Document,"The contractor certifies compliance with the Buy American Act and Trade Agreements Act. This System Security Plan describes the security controls implemented for the information system, including all associated documentation. The Contractor must comply with all applicable Federal Acquisition Regulation clauses per the approved project plan. The Supply Chain Risk Management Plan addresses third-party hardware and software risks, as required by the contract."
DOC-0309,Deliverable Report,"The Technical Design Document provides detailed specifications for the proposed system per the approved project plan. This Data Management Plan describes how data will be collected stored and protected per the approved project plan. The Transition Plan outlines steps for knowledge transfer to the incoming contractor in accordance with applicable regulations. This Risk Register identifies mitigation strategies for the top program risks per the approved project plan. This After-Action Report documents findings and lessons learned from the exercise, including all associated documentation."
DOC-0008,RFP,"The base period of performance is 12 months with four option years in accordance with applicable regulations. Proposals shall address all requirements outlined in the Performance Work Statement, including all associated documentation. The proposal evaluation criteria include technical approach, management, and price in accordance with applicable regulations."
DOC-0016,RFP,"The Government intends to award a single Indefinite Delivery Indefinite Quantity contract, as required by the contract. Offerors must demonstrate technical capability and relevant past performance in accordance with applicable regulations. This Request for Proposal covers information technology services including in accordance with applicable regulations. Proposals shall address all requirements outlined in the Performance Work Statement per the approved project plan. The proposal evaluation criteria include technical approach, management, and price."
DOC-0055,RFP,"Offerors must demonstrate technical capability and relevant past performance, as required by the contract. The Government is soliciting proposals for professional services in support of per the approved project plan. All proposals must be submitted electronically via the SAM.gov portal in accordance with applicable regulations. The base period of performance is 12 months with four option years per the approved project plan."
DOC-0134,Contract Modification,The purpose of this modification is to extend the period of performance by. The delivery schedule is modified to reflect the revised completion date. Modification P00003 deobligates funds and reduces the total contract ceiling.
DOC-0105,SOW,"All deliverables shall be submitted in accordance with the Contract Deliverable Requirements List in accordance with applicable regulations. Work shall be performed on-site at the Government facility located in, as required by the contract. Task 1: Program Planning and Coordination — the contractor shall develop in accordance with applicable regulations."
DOC-0085,SOW,"The contractor shall provide technical writing and documentation support, as required by the contract. The contractor shall support data collection analysis and reporting activities in accordance with applicable regulations. The contractor shall not disclose any sensitive information obtained during performance, as required by the contract."
DOC-0310,Deliverable Report,This Weekly Activity Report summarizes tasks completed issues encountered and planned work. The Configuration Management Plan governs version control and change control procedures in accordance with applicable regulations. The Final Report presents conclusions and recommendations based on the analysis conducted.
DOC-0163,Contract Modification,"Modification P00003 deobligates funds and reduces the total contract ceiling per the approved project plan. Modification P00001 adds the following scope to the existing task order, including all associated documentation. This modification is issued to incorporate the following changes to the contract. This bilateral modification is agreed to by both parties and incorporated herein in accordance with applicable regulations. The delivery schedule is modified to reflect the revised completion date per the approved project plan."
DOC-0278,Deliverable Report,"This Monthly Status Report covers activities completed during the reporting period per the approved project plan. The Transition Plan outlines steps for knowledge transfer to the incoming contractor, as required by the contract. This After-Action Report documents findings and lessons learned from the exercise. This Quality Assurance Surveillance Plan establishes the surveillance methodology in accordance with applicable regulations."
DOC-0174,Contract Modification,"The total obligated amount is hereby increased from the original contract value in accordance with applicable regulations. The contract is hereby modified to add the following contract line items. Modification P00003 deobligates funds and reduces the total contract ceiling, including all associated documentation."
DOC-0229,Invoice,"Travel expenses incurred in direct support of contract performance are included, including all associated documentation. The invoice total reflects labor materials and other direct costs for the billing period, including all associated documentation. The contractor hereby submits this invoice for payment of labor hours incurred in accordance with applicable regulations. Invoices must be submitted via the Wide Area Workflow electronic invoicing system, as required by the contract. Direct labor costs billed at the negotiated fixed hourly rates per the contract in accordance with applicable regulations."
DOC-0268,Deliverable Report,"The Corrective Action Plan addresses deficiencies identified during the performance review, as required by the contract. This Monthly Status Report covers activities completed during the reporting period. This Data Management Plan describes how data will be collected stored and protected per the approved project plan. The Configuration Management Plan governs version control and change control procedures, including all associated documentation. The Program Management Review slide deck summarizes progress against the integrated master schedule, as required by the contract."
DOC-0319,Compliance Document,The contractor certifies compliance with the Buy American Act and Trade Agreements Act per the approved project plan. The Continuity of Operations Plan ensures mission-critical functions during disruptions. The contractor must submit annual compliance certifications including ethics and conflict of interest in accordance with applicable regulations. The Supply Chain Risk Management Plan addresses third-party hardware and software risks in accordance with applicable regulations.
DOC-0326,Compliance Document,"The Privacy Impact Assessment evaluates risks to personally identifiable information per the approved project plan. The Supply Chain Risk Management Plan addresses third-party hardware and software risks, as required by the contract. The Continuity of Operations Plan ensures mission-critical functions during disruptions in accordance with applicable regulations. Data handling procedures comply with the Federal Information Security Modernization Act, including all associated documentation. The Contractor must comply with all applicable Federal Acquisition Regulation clauses, as required by the contract."
DOC-0276,Deliverable Report,"This Data Management Plan describes how data will be collected stored and protected, including all associated documentation. The Configuration Management Plan governs version control and change control procedures per the approved project plan. This After-Action Report documents findings and lessons learned from the exercise, including all associated documentation. The Corrective Action Plan addresses deficiencies identified during the performance review per the approved project plan."
DOC-0272,Deliverable Report,"The Transition Plan outlines steps for knowledge transfer to the incoming contractor in accordance with applicable regulations. This Data Management Plan describes how data will be collected stored and protected, including all associated documentation. This Monthly Status Report covers activities completed during the reporting period."
DOC-0215,Invoice,"The invoice total reflects labor materials and other direct costs for the billing period. This is a cost-plus-fixed-fee invoice submitted for reimbursement of allowable costs in accordance with applicable regulations. Backup documentation including timesheets and receipts is attached to this invoice, as required by the contract."
DOC-0131,Contract Modification,"This unilateral modification is issued pursuant to FAR clause 52.243-1 in accordance with applicable regulations. All other terms and conditions of the contract remain unchanged and in full force, as required by the contract. The contractor acknowledges receipt of this modification and agrees to the changes in accordance with applicable regulations. The contract is hereby modified to add the following contract line items, including all associated documentation."
DOC-0305,Deliverable Report,This Risk Register identifies mitigation strategies for the top program risks in accordance with applicable regulations. The Program Management Review slide deck summarizes progress against the integrated master schedule. This Weekly Activity Report summarizes tasks completed issues encountered and planned work. The Technical Design Document provides detailed specifications for the proposed system.
DOC-0312,Deliverable Report,"The Transition Plan outlines steps for knowledge transfer to the incoming contractor in accordance with applicable regulations. This Risk Register identifies mitigation strategies for the top program risks, as required by the contract. The Corrective Action Plan addresses deficiencies identified during the performance review, including all associated documentation. The Program Management Review slide deck summarizes progress against the integrated master schedule, as required by the contract."
DOC-0031,RFP,"This Request for Proposal covers information technology services including, as required by the contract. The contracting officer anticipates award of a firm-fixed-price contract for per the approved project plan. Proposals shall address all requirements outlined in the Performance Work Statement."
DOC-0038,RFP,"The proposal evaluation criteria include technical approach, management, and price, as required by the contract. This Request for Proposal covers information technology services including. Section L of this solicitation provides instructions for proposal preparation, including all associated documentation."
DOC-0269,Deliverable Report,The Final Report presents conclusions and recommendations based on the analysis conducted. The Transition Plan outlines steps for knowledge transfer to the incoming contractor. This Quality Assurance Surveillance Plan establishes the surveillance methodology per the approved project plan. The Corrective Action Plan addresses deficiencies identified during the performance review per the approved project plan.
DOC-0032,RFP,"This Request for Proposal covers information technology services including per the approved project plan. The Government is soliciting proposals for professional services in support of. The Government intends to award a single Indefinite Delivery Indefinite Quantity contract per the approved project plan. All proposals must be submitted electronically via the SAM.gov portal per the approved project plan. Proposals shall address all requirements outlined in the Performance Work Statement, as required by the contract."
DOC-0092,SOW,The contractor is responsible for delivering the following tasks and deliverables. The contractor shall provide subject matter expertise in the following domains. All deliverables shall be submitted in accordance with the Contract Deliverable Requirements List per the approved project plan.
DOC-0253,Deliverable Report,This Quality Assurance Surveillance Plan establishes the surveillance methodology in accordance with applicable regulations. This After-Action Report documents findings and lessons learned from the exercise in accordance with applicable regulations. The Program Management Review slide deck summarizes progress against the integrated master schedule.
DOC-0331,Compliance Document,"The Privacy Impact Assessment evaluates risks to personally identifiable information, including all associated documentation. The contractor certifies compliance with the Buy American Act and Trade Agreements Act in accordance with applicable regulations. Section 508 compliance testing confirms the system meets accessibility requirements, as required by the contract. This Authority to Operate is granted based on an acceptable level of residual risk."
DOC-0367,Compliance Document,"This System Security Plan describes the security controls implemented for the information system in accordance with applicable regulations. The Supply Chain Risk Management Plan addresses third-party hardware and software risks in accordance with applicable regulations. The contractor certifies compliance with the Buy American Act and Trade Agreements Act per the approved project plan. This FedRAMP authorization package demonstrates compliance with NIST SP 800-53 controls, including all associated documentation."
DOC-0237,Invoice,"Backup documentation including timesheets and receipts is attached to this invoice in accordance with applicable regulations. The contractor hereby submits this invoice for payment of labor hours incurred in accordance with applicable regulations. This invoice covers the period of performance from the first through the last day, as required by the contract."
DOC-0114,SOW,"The contractor shall maintain an integrated master schedule and report status weekly, as required by the contract. The contractor is responsible for delivering the following tasks and deliverables in accordance with applicable regulations. All deliverables shall be submitted in accordance with the Contract Deliverable Requirements List in accordance with applicable regulations. The contractor shall provide technical writing and documentation support per the approved project plan."
DOC-0023,RFP,"The contracting officer anticipates award of a firm-fixed-price contract for, as required by the contract. All proposals must be submitted electronically via the SAM.gov portal. The Government intends to award a single Indefinite Delivery Indefinite Quantity contract per the approved project plan. Offerors shall provide a detailed staffing plan and key personnel resumes in accordance with applicable regulations. Offerors are invited to submit technical and price proposals for, as required by the contract."
